Node,InDegree,OutDegree,ClosenessC,DegreeC,BetweennessC,EigenVectorC,Cluster
192.168.0.0,2.0,4.0,0.0012077294685990338,0.007246376811594202,0.0006367231539409658,3.9698100556768945e-08,1
192.168.0.1,2.0,22.0,0.002717391304347826,0.02898550724637681,0.0017729151489206166,3.9698100556768945e-08,0
192.168.0.2,2.0,1.0,0.05892477641016559,0.003623188405797101,0.006112127925627918,0.0011442674133776548,3
192.168.0.3,2.0,1.0,0.07208558694491515,0.003623188405797101,0.000243326159418899,0.010075848531364538,3
192.168.0.4,2.0,1.0,0.0033548040794417608,0.003623188405797101,0.0006235797860843863,3.9698100556768945e-08,3
192.168.0.5,3.0,1.0,0.0847382663270875,0.004830917874396135,0.001585382238344753,0.03274485177812166,3
192.168.0.6,1.0,1.0,0.0024154589371980675,0.0024154589371980675,1.7524490475439428e-05,3.969810055604685e-08,3
192.168.0.7,2.0,1.0,0.08591556115038249,0.003623188405797101,0.003625862281427183,0.03908648694443682,3
192.168.0.8,1.0,1.0,0.0024154589371980675,0.0024154589371980675,9.025112594851304e-05,3.969810055604685e-08,3
192.168.0.9,2.0,8.0,0.08581544767870301,0.012077294685990338,0.017361620608908657,0.03908648694443682,1
192.168.0.10,4.0,1.0,0.07316634989947222,0.006038647342995169,0.006472187242782901,0.007047203956232539,2
192.168.0.11,2.0,3.0,0.08103409283654661,0.006038647342995169,0.01972332876651348,0.019373909543039993,1
192.168.0.12,3.0,1.0,0.005521048999309868,0.004830917874396135,0.0015683393236492437,3.969810058565311e-08,3
192.168.0.13,13.0,1.0,0.0915985782549702,0.016908212560386472,0.01582196188618038,0.03504048016095592,2
192.168.0.14,2.0,1.0,0.0810746423225537,0.003623188405797101,0.0002096853964526537,0.019373909543039993,3
192.168.0.15,2.0,1.0,0.08105030776257693,0.003623188405797101,0.0032743549514486887,0.019373909543039993,3
192.168.0.16,2.0,5.0,0.08428860951898412,0.008454106280193236,0.019968893376136283,0.015465015106737414,1
192.168.0.17,1.0,1.0,0.0024154589371980675,0.0024154589371980675,1.7524490475439428e-05,3.969810055604685e-08,3
192.168.0.18,8.0,1.0,0.07642432321575061,0.010869565217391304,0.014191252414137656,0.007223694338344307,2
192.168.0.19,3.0,1.0,0.09136098185259461,0.004830917874396135,0.03547328382576264,0.037214798899782915,3
192.168.0.20,2.0,2.0,0.004658385093167701,0.004830917874396135,0.0008193951046587606,3.969810257739714e-08,3
192.168.0.21,5.0,1.0,0.13697967975768627,0.007246376811594202,0.15866042338570546,0.20510763763761913,2
192.168.0.22,5.0,1.0,0.0773436916256403,0.007246376811594202,0.0035872040899379105,0.012624652785495261,2
192.168.0.23,8.0,1.0,0.09437299931115523,0.010869565217391304,0.026913854009125892,0.059358133875462876,2
192.168.0.24,2.0,1.0,0.07214978857204814,0.003623188405797101,0.002675972310192381,0.010075848531364538,3
192.168.0.25,4.0,1.0,0.0866136882376731,0.006038647342995169,0.020863787087741326,0.039891989935275055,2
192.168.0.26,2.0,1.0,0.08578818448448125,0.003623188405797101,0.007955497437298252,0.0232607458584583,3
192.168.0.27,8.0,1.0,0.13114745444179318,0.010869565217391304,0.015034900161865095,0.13559463028013213,2
192.168.0.28,6.0,1.0,0.010899758454106281,0.008454106280193236,0.003780908820076056,3.9698101507780236e-08,2
192.168.0.29,4.0,1.0,0.09397886613537779,0.006038647342995169,0.0317565932755504,0.044492021002544714,2
192.168.0.30,4.0,1.0,0.06835691722951283,0.006038647342995169,0.007779708948811523,0.003908639667138847,2
192.168.0.31,2.0,1.0,0.12194758784991065,0.003623188405797101,0.0066263158319306795,0.10172123846075541,3
192.168.0.32,4.0,2.0,0.09386996826036575,0.007246376811594202,0.02254764933405206,0.0704908921018514,2
192.168.0.33,2.0,1.0,0.08927681574685437,0.003623188405797101,0.0014281799092008855,0.05603746223309864,3
192.168.0.34,5.0,1.0,0.08942464136074141,0.007246376811594202,0.003667164793354269,0.07022251565133097,2
192.168.0.35,9.0,1.0,0.1147772493747459,0.012077294685990338,0.009483981294414471,0.07469840211538592,2
192.168.0.36,2.0,8.0,0.0790956674562543,0.012077294685990338,0.012817150235551817,0.02167195421522332,1
192.168.0.37,2.0,1.0,0.10014808086128774,0.003623188405797101,0.004341035346897288,0.06474211627626313,3
192.168.0.38,12.0,1.0,0.14774718695731467,0.01570048309178744,0.1343414103659362,0.3324894656381492,2
192.168.0.39,4.0,2.0,0.07938244253669342,0.007246376811594202,0.031147132729813315,0.03089578271561382,3
192.168.0.40,3.0,2.0,0.07518309290830223,0.006038647342995169,0.0026499446170467683,0.010744165049085853,3
192.168.0.41,4.0,1.0,0.08947402541274095,0.006038647342995169,0.018779628210980413,0.030182216126121708,2
192.168.0.42,13.0,1.0,0.13042953245644123,0.016908212560386472,0.05360935910460121,0.14267618167078044,2
192.168.0.43,4.0,1.0,0.07785659068591605,0.006038647342995169,0.006235119935328453,0.010904119776898953,2
192.168.0.44,2.0,2.0,0.07778930536652166,0.004830917874396135,0.012159831432608905,0.008577012240973871,3
192.168.0.45,8.0,2.0,0.10215609408410549,0.012077294685990338,0.007714649014506196,0.07389781729283534,2
192.168.0.46,6.0,1.0,0.0924452614500692,0.008454106280193236,0.004859117004903244,0.05597177421659258,2
192.168.0.47,2.0,2.0,0.07781172088050682,0.004830917874396135,0.003202983903591129,0.008577012240973871,3
192.168.0.48,2.0,1.0,0.0778865326494526,0.003623188405797101,0.001325046196504059,0.008577012240973871,3
192.168.0.49,7.0,1.0,0.10552270757938732,0.00966183574879227,0.007527982160625026,0.07581516756667314,2
192.168.0.50,4.0,6.0,0.08759708327064841,0.012077294685990338,0.05563500496995047,0.025335788223743397,1
192.168.0.51,5.0,1.0,0.06329878309790253,0.007246376811594202,0.005926270968307839,0.0019917396358600137,2
192.168.0.52,3.0,1.0,0.006397702049875963,0.004830917874396135,0.002432847821497209,3.9698115942427415e-08,3
192.168.0.53,2.0,4.0,0.12069395501891485,0.007246376811594202,0.15844514916034588,0.1137519203179641,2
192.168.0.54,3.0,1.0,0.07371897589288894,0.004830917874396135,0.005385498456314926,0.007913344545516916,3
192.168.0.55,6.0,14.0,0.09369625561958783,0.024154589371980676,0.0580229209440563,0.0619617170321234,0
192.168.0.56,4.0,3.0,0.09887682486109563,0.008454106280193236,0.041510667196970163,0.0807210395368077,2
192.168.0.57,3.0,2.0,0.08821712142948453,0.006038647342995169,0.00932455768974178,0.032048918185523564,3
192.168.0.58,4.0,1.0,0.11646029702227667,0.006038647342995169,0.014506049982628501,0.07533712352535259,2
192.168.0.59,7.0,1.0,0.0727654563987206,0.00966183574879227,0.0076178473305333096,0.015562932808479313,2
192.168.0.60,5.0,1.0,0.08853528153955809,0.007246376811594202,0.03552825305898665,0.02510760224748932,2
192.168.0.61,6.0,6.0,0.09156751736034321,0.014492753623188404,0.05534855583573656,0.06641155403430521,1
192.168.0.62,5.0,1.0,0.11716775037416205,0.007246376811594202,0.012204936607241956,0.11851535231548607,2
192.168.0.63,2.0,1.0,0.09174380816386823,0.003623188405797101,0.0019483026140141933,0.06790590960451133,3
192.168.0.64,4.0,1.0,0.1059782608695652,0.006038647342995169,0.017077596844367743,0.07058566114304293,2
192.168.0.65,1.0,1.0,0.07332529200642256,0.0024154589371980675,2.9207484125732377e-06,0.012015675457930567,3
192.168.0.66,5.0,4.0,0.08805411153119092,0.010869565217391304,0.04209661295009959,0.03493456990722931,2
192.168.0.67,3.0,1.0,0.07837633766321174,0.004830917874396135,0.007391635365979513,0.014007375395674652,3
192.168.0.68,2.0,1.0,0.08481811601789933,0.003623188405797101,0.000881620532707937,0.02542900939914932,3
192.168.0.69,3.0,1.0,0.09522720419501075,0.004830917874396135,0.001614870944602992,0.062118733325316255,3
192.168.0.70,3.0,1.0,0.07661948605759543,0.004830917874396135,0.0033243158703176578,0.016920679683599116,3
192.168.0.71,6.0,1.0,0.11899204260971746,0.008454106280193236,0.009547488448440033,0.1337671288872162,2
192.168.0.72,3.0,2.0,0.0940880169671262,0.006038647342995169,0.007948663813234549,0.045672309146967016,3
192.168.0.73,1.0,7.0,0.07353829212844558,0.00966183574879227,0.030028244430637417,0.017138108487305324,1
192.168.0.74,4.0,1.0,0.09821748618901024,0.006038647342995169,0.0028616727988474994,0.06789311414048867,2
192.168.0.75,1.0,1.0,0.07003685163311688,0.0024154589371980675,2.190561309429928e-05,0.005958003352022932,3
192.168.0.76,5.0,2.0,0.12653824212542275,0.008454106280193236,0.05638237443982845,0.10337380328372443,2
192.168.0.77,9.0,2.0,0.08623566383723191,0.013285024154589372,0.028633701888372137,0.03650053210039511,2
192.168.0.78,5.0,6.0,0.08019182598366228,0.013285024154589372,0.02284279143529003,0.014826293708100517,1
192.168.0.79,5.0,1.0,0.08621730801266034,0.007246376811594202,0.013267091423142594,0.03081191558217344,2
192.168.0.80,4.0,1.0,0.10969503399958787,0.006038647342995169,0.04955571186195672,0.06976014981841414,3
192.168.0.81,5.0,3.0,0.09767275453182499,0.00966183574879227,0.014483128534922158,0.05972056299377807,2
192.168.0.82,3.0,1.0,0.08531835977745725,0.004830917874396135,0.004994445014685804,0.033230539639796906,3
192.168.0.83,1.0,1.0,0.07222698164113378,0.0024154589371980675,0.000311131776354425,0.004756822624671509,3
192.168.0.84,3.0,1.0,0.07251793269062362,0.004830917874396135,0.001382974373353428,0.0047568226246715115,3
192.168.0.85,5.0,1.0,0.09872018353484725,0.007246376811594202,0.009578827383490649,0.07693850720594045,2
192.168.0.86,7.0,4.0,0.08285750496951585,0.013285024154589372,0.021352764098939395,0.014323347779573354,2
192.168.0.87,3.0,8.0,0.1047179196079313,0.013285024154589372,0.08702673102032137,0.07622495639698323,1
192.168.0.88,1.0,3.0,0.08053462830171552,0.004830917874396135,0.014419270195670842,0.014048937094027252,3
192.168.0.89,4.0,1.0,0.08547138912080147,0.006038647342995169,0.019610380411928717,0.032174308181147734,2
192.168.0.90,3.0,1.0,0.08194394356534053,0.004830917874396135,0.002283864733372294,0.02355570400490384,3
192.168.0.91,2.0,1.0,0.10752559411825809,0.003623188405797101,0.004496686897717335,0.0491085224377091,3
192.168.0.92,2.0,1.0,0.06253167318309197,0.003623188405797101,0.0066708184178129685,0.0020609801699417733,3
192.168.0.93,5.0,1.0,0.10982888097708195,0.007246376811594202,0.15295206400903208,0.06321389148000162,2
192.168.0.94,13.0,1.0,0.1291657557456344,0.016908212560386472,0.0,0.2720237584706061,2
192.168.0.95,2.0,1.0,0.10856309650053021,0.003623188405797101,0.003937485274560087,0.06321385178180378,3
192.168.0.96,8.0,2.0,0.12789672025370327,0.012077294685990338,0.041741259546579985,0.11546497091292457,2
192.168.0.97,3.0,1.0,0.11925479553760585,0.004830917874396135,0.04553666526748911,0.09423448856617274,3
192.168.0.98,2.0,1.0,0.08577910060217667,0.003623188405797101,0.0019384108968208994,0.03436550801787532,3
192.168.0.99,2.0,1.0,0.08570649873962723,0.003623188405797101,0.008509167234611046,0.03436550801787532,3
192.168.0.100,3.0,2.0,0.1019247390647907,0.006038647342995169,0.04852250700731765,0.09033702849369638,3
192.168.0.101,2.0,1.0,0.09029177731686987,0.003623188405797101,0.019148509463271242,0.03914379023709537,3
192.168.0.102,1.0,1.0,0.08564307284987381,0.0024154589371980675,0.0028392156468799823,0.03436550801787532,3
192.168.0.103,5.0,2.0,0.09930103286184806,0.008454106280193236,0.041717218215233574,0.08573334091868563,2
192.168.0.104,1.0,1.0,0.08566118495156566,0.0024154589371980675,0.001435255769938488,0.03436550801787532,3
192.168.0.105,2.0,3.0,0.086985700213353,0.006038647342995169,0.005277732270157309,0.034526059864055325,3
192.168.0.106,4.0,1.0,0.10087135177275015,0.006038647342995169,0.009346510243435566,0.07401464486548999,2
192.168.0.107,4.0,6.0,0.10123691903111179,0.012077294685990338,0.03143430581021486,0.1033475549354013,1
192.168.0.108,2.0,1.0,0.08627239894429782,0.003623188405797101,0.00038405755376471923,0.034639918702277124,3
192.168.0.109,18.0,1.0,0.12035326490669387,0.02294685990338164,0.016771692122401,0.09797482180243136,2
192.168.0.110,4.0,1.0,0.10807068117488747,0.006038647342995169,0.011496211789308894,0.09358967197407507,2
192.168.0.111,8.0,4.0,0.08216835643442098,0.014492753623188404,0.04050232285056077,0.015543938866386808,2
192.168.0.112,1.0,1.0,0.08392187155153387,0.0024154589371980675,0.006687898632109422,0.03683020231905462,3
192.168.0.113,6.0,2.0,0.08735150162680143,0.00966183574879227,0.008833747940524661,0.05059080689919104,2
192.168.0.114,3.0,9.0,0.08490701457781746,0.014492753623188404,0.0401366442010117,0.03710461300345645,1
192.168.0.115,5.0,1.0,0.10527587083651156,0.007246376811594202,0.06011618740346198,0.10652012154466373,2
192.168.0.116,4.0,2.0,0.091052919645606,0.007246376811594202,0.005243530380002345,0.04967328793509144,2
192.168.0.117,2.0,1.0,0.10497574524905488,0.003623188405797101,0.011652184970162469,0.0657277562254418,3
192.168.0.118,4.0,2.0,0.10063327032136106,0.007246376811594202,0.004040173920832138,0.07941633406047156,2
192.168.0.119,2.0,1.0,0.09781427506483416,0.003623188405797101,0.017041963713734353,0.03997551321615264,3
192.168.0.120,2.0,1.0,0.07283087531124305,0.003623188405797101,0.006833772419178024,0.0077676419322569015,3
192.168.0.121,3.0,1.0,0.10704252458865704,0.004830917874396135,0.009814396174209017,0.0836942606575059,3
192.168.0.122,1.0,1.0,0.0684956308520298,0.0024154589371980675,0.0028854177880254317,0.009506766910876579,3
192.168.0.123,2.0,1.0,0.06860584570519619,0.003623188405797101,0.00153626150879187,0.009506766910876579,3
192.168.0.124,2.0,1.0,0.06882734291308042,0.003623188405797101,0.022149118242361602,0.009506766910876634,3
192.168.0.125,4.0,1.0,0.09756688258303704,0.006038647342995169,0.009209880646165977,0.08284905812899039,2
192.168.0.126,1.0,1.0,0.11241990370343553,0.0024154589371980675,0.011805508825688286,0.057336205350898894,3
192.168.0.127,1.0,6.0,0.07942135549872122,0.008454106280193236,0.01247620917656671,0.020245511805507824,1
192.168.0.128,2.0,5.0,0.08647500278468792,0.008454106280193236,0.016837069155997385,0.027367725237917476,1
192.168.0.129,3.0,1.0,0.08277284418994141,0.004830917874396135,0.0017859646355782206,0.012627156462650009,3
192.168.0.130,2.0,4.0,0.07426639403070742,0.007246376811594202,0.010330832102820965,0.008225501193614008,1
192.168.0.131,2.0,1.0,0.07433454084115952,0.003623188405797101,0.0004913759339788463,0.008225501193614008,3
192.168.0.132,2.0,1.0,0.07428682495066084,0.003623188405797101,0.002117660819884677,0.008225501193614008,3
192.168.0.133,2.0,1.0,0.07431408367002627,0.003623188405797101,0.0022723213133373824,0.008225501193614008,3
192.168.0.134,2.0,1.0,0.07433454084115952,0.003623188405797101,0.0013603385731559856,0.008225501193614008,3
192.168.0.135,3.0,1.0,0.09327551250281595,0.004830917874396135,0.0018913167262360263,0.04653234930744998,3
192.168.0.136,2.0,1.0,0.07861974243856333,0.003623188405797101,0.004513957561247401,0.018427881418457366,3
192.168.0.137,5.0,1.0,0.08836145572501707,0.007246376811594202,0.02012028170090312,0.046073398464872274,2
192.168.0.138,2.0,1.0,0.1074685362280388,0.003623188405797101,0.004091627772033639,0.07766052872430974,3
192.168.0.139,4.0,1.0,0.09219276500363678,0.006038647342995169,0.00944687214270832,0.04520694483802557,3
192.168.0.140,2.0,1.0,0.07664123236395047,0.003623188405797101,0.003180695021292256,0.007940853381062951,3
192.168.0.141,2.0,1.0,0.07657603044587924,0.003623188405797101,0.009797893945677974,0.007940853381062951,3
192.168.0.142,2.0,1.0,0.07659051017178373,0.003623188405797101,0.0008633488911865444,0.007940853381062951,3
192.168.0.143,2.0,1.0,0.07654708741254432,0.003623188405797101,0.0033940313532606257,0.007940853381062951,3
192.168.0.144,1.0,2.0,0.09472612559482653,0.003623188405797101,0.025737660826290913,0.04227297685096506,3
192.168.0.145,3.0,8.0,0.09936193132429247,0.013285024154589372,0.07680698750766048,0.07357058199259224,1
192.168.0.146,2.0,1.0,0.12259349668386145,0.003623188405797101,0.02043752766966585,0.08823780145633686,3
192.168.0.147,2.0,1.0,0.09489256484560812,0.003623188405797101,0.005671557946674924,0.05006244327761479,3
192.168.0.148,1.0,1.0,0.09483702014597944,0.0024154589371980675,0.0022806211958990436,0.04227297685096506,3
192.168.0.149,1.0,1.0,0.07454659299594704,0.0024154589371980675,0.00019958447485917124,0.007789466426649722,3
192.168.0.150,4.0,1.0,0.10519384834267713,0.006038647342995169,0.006296890181806851,0.04872160640786107,3
192.168.0.151,7.0,3.0,0.11838343213312238,0.012077294685990338,0.20899458188671474,0.13527497532602775,2
192.168.0.152,15.0,1.0,0.11987242173527027,0.01932367149758454,0.058708850595559046,0.09339391490311487,2
192.168.0.153,2.0,1.0,0.0796791409547513,0.003623188405797101,0.001425259740301887,0.02124967669974742,3
192.168.0.154,6.0,5.0,0.09747296668114022,0.013285024154589372,0.08300334200906805,0.08586496775417841,1
192.168.0.155,3.0,1.0,0.0828066877324907,0.004830917874396135,0.019317349584006636,0.021708924436759813,3
192.168.0.156,3.0,1.0,0.08011252235828288,0.004830917874396135,0.007015087465204002,0.03820921775255655,3
192.168.0.157,3.0,1.0,0.10039631008637458,0.004830917874396135,0.01094417990808821,0.07572729417664506,3
192.168.0.158,1.0,7.0,0.09032197860262643,0.00966183574879227,0.039197940580294334,0.047548170419350916,1
192.168.0.159,4.0,1.0,0.07908794553226169,0.006038647342995169,0.0015336432664648843,0.01906003182752616,3
192.168.0.160,11.0,1.0,0.12040693015561184,0.014492753623188404,0.019766364024026633,0.08286526832707146,2
192.168.0.161,3.0,2.0,0.0928904742675102,0.006038647342995169,0.009786456086269442,0.05222647164303082,3
192.168.0.162,1.0,1.0,0.09198340253059571,0.0024154589371980675,0.0005985030747135787,0.05731757523786125,3
192.168.0.163,1.0,1.0,0.09196251857043437,0.0024154589371980675,0.0015617067907956925,0.05731757523786125,3
192.168.0.164,3.0,1.0,0.09353398292194394,0.004830917874396135,0.001962621235398693,0.08794013831299975,3
192.168.0.165,4.0,1.0,0.11186106408270595,0.006038647342995169,0.05291411050604839,0.09387235965995598,3
192.168.0.166,2.0,2.0,0.09196251857043437,0.004830917874396135,0.0020448965160292996,0.05731757523786125,3
192.168.0.167,2.0,1.0,0.09222425160370634,0.003623188405797101,0.0026216290043113025,0.05731757523786125,3
192.168.0.168,6.0,1.0,0.12174599129650683,0.008454106280193236,0.030546087673516995,0.11266228324237378,2
192.168.0.169,1.0,1.0,0.07599416755037115,0.0024154589371980675,0.0006500612383583832,0.008618604176243879,3
192.168.0.170,2.0,2.0,0.07605838194413263,0.004830917874396135,0.018971828523880654,0.008618604176243879,3
192.168.0.171,3.0,1.0,0.10195039341643046,0.004830917874396135,0.0072053402963975525,0.035640460142220734,3
192.168.0.172,4.0,1.0,0.080848086435824,0.006038647342995169,0.003111765358755527,0.029049044589107263,3
192.168.0.173,3.0,4.0,0.07840668080593849,0.008454106280193236,0.017538986427977552,0.02057668787278706,1
192.168.0.174,2.0,1.0,0.08274624602117923,0.003623188405797101,0.0007959039424262073,0.03459601348890067,3
192.168.0.175,2.0,1.0,0.07841427026299065,0.003623188405797101,0.001146807524626777,0.02057668787278706,3
192.168.0.176,3.0,1.0,0.0783839212469237,0.004830917874396135,0.006638828689018823,0.02057668787278706,3
192.168.0.177,1.0,1.0,0.0783081513858827,0.0024154589371980675,0.0004807065095693454,0.02057668787278706,3
192.168.0.178,1.0,1.0,0.07833844174518484,0.0024154589371980675,0.0007397038750542775,0.02057668787278706,3
192.168.0.179,1.0,1.0,0.0783460179968043,0.0024154589371980675,0.00023644501524213403,0.02057668787278706,3
192.168.0.180,5.0,1.0,0.09227677709157722,0.007246376811594202,0.0265363590615944,0.037762736040184784,2
192.168.0.181,2.0,1.0,0.0882075159066808,0.003623188405797101,0.0015365982061783178,0.032111516616637026,3
192.168.0.182,2.0,1.0,0.08355831109715899,0.003623188405797101,0.0030862331497156165,0.02754751435569372,3
192.168.0.183,2.0,2.0,0.1047585446898948,0.004830917874396135,0.014323331091311235,0.0804951542080634,3
192.168.0.184,3.0,1.0,0.09228728936966923,0.004830917874396135,0.00041642570492262916,0.04404212772556104,3
192.168.0.185,2.0,1.0,0.09680901363371851,0.003623188405797101,0.02238226127031042,0.03734390411670123,3
192.168.0.186,9.0,1.0,0.10108532893523291,0.012077294685990338,0.014319382865332074,0.056415056188503704,2
192.168.0.187,3.0,1.0,0.0669502335609055,0.004830917874396135,0.005803756583158296,0.008211319904205535,3
192.168.0.188,8.0,1.0,0.11161447038949525,0.010869565217391304,0.0391455116630581,0.08608521806119115,2
192.168.0.189,3.0,6.0,0.06464750028624663,0.010869565217391304,0.022786126516980938,0.005273140710873557,1
192.168.0.190,2.0,1.0,0.08893378264210741,0.003623188405797101,0.008910990725279316,0.04594363226780985,3
192.168.0.191,2.0,1.0,0.10133823193482068,0.003623188405797101,0.01185516154870203,0.03180173135780276,3
192.168.0.192,2.0,1.0,0.07971834541300497,0.003623188405797101,0.0019620440398790645,0.026410246927455132,3
192.168.0.193,2.0,1.0,0.07365195254904595,0.003623188405797101,0.0038976587837057835,0.011230447270343566,3
192.168.0.194,2.0,1.0,0.07371897589288894,0.003623188405797101,0.0004891694097046075,0.011230447270343566,3
192.168.0.195,3.0,1.0,0.07379956509856578,0.004830917874396135,0.0004930637409213719,0.011230447270343578,3
192.168.0.196,2.0,1.0,0.07370556146728746,0.003623188405797101,0.0018353983024610222,0.011230447270343566,3
192.168.0.197,2.0,1.0,0.07974973676776496,0.003623188405797101,0.001454885633227992,0.015179799657111595,3
192.168.0.198,3.0,2.0,0.09197295936500414,0.006038647342995169,0.008479042169765576,0.06280493392373222,3
192.168.0.199,2.0,1.0,0.0920147462615807,0.003623188405797101,0.001777414492308558,0.06280493392373222,3
192.168.0.200,1.0,1.0,0.06919181978877319,0.0024154589371980675,0.0019469117814367813,0.0045640022609433045,3
192.168.0.201,2.0,3.0,0.06915637921179413,0.006038647342995169,0.0031463357060723123,0.0045640022609433045,3
192.168.0.202,2.0,1.0,0.06934581630602264,0.003623188405797101,0.0013091350718184218,0.0045640022609433045,3
192.168.0.203,5.0,1.0,0.07109863314788104,0.007246376811594202,0.006256746186407262,0.010748791106060394,2
192.168.0.204,1.0,1.0,0.06923321306614447,0.0024154589371980675,0.0007864115100853443,0.0045640022609433045,3
192.168.0.205,7.0,1.0,0.10387201257686324,0.00966183574879227,0.027177660547028602,0.05766476823693208,2
192.168.0.206,3.0,1.0,0.08732325386298981,0.004830917874396135,0.014040728399419663,0.04716074128831018,3
192.168.0.207,2.0,1.0,0.08126984611626771,0.003623188405797101,0.020115187776588335,0.02555652004098512,3
192.168.0.208,1.0,1.0,0.07127378374863245,0.0024154589371980675,0.0026067679582216148,0.004401655269036001,3
192.168.0.209,2.0,1.0,0.07122365272436755,0.003623188405797101,0.00924713815334708,0.004401655269036015,3
192.168.0.210,3.0,1.0,0.08346361282577337,0.004830917874396135,0.009535318663387634,0.010296839319840784,3
192.168.0.211,4.0,1.0,0.09456026918255592,0.006038647342995169,0.005352746087657494,0.049219622895837985,3
192.168.0.212,1.0,1.0,0.09050361144977728,0.0024154589371980675,0.001024890617971949,0.040799374422959535,3
192.168.0.213,3.0,7.0,0.09076726342710997,0.012077294685990338,0.015567677862641351,0.0407993744229596,1
192.168.0.214,2.0,1.0,0.09308259520705003,0.003623188405797101,0.002491837087700426,0.05860927446650526,3
192.168.0.215,3.0,3.0,0.10133823193482068,0.007246376811594202,0.018290189643562226,0.07208635501212497,3
192.168.0.216,4.0,1.0,0.09317895400126024,0.006038647342995169,0.010246697248235001,0.048295830173602915,3
192.168.0.217,4.0,1.0,0.11296859937065352,0.006038647342995169,0.02033680705149083,0.05176238321156485,3
192.168.0.218,3.0,3.0,0.08712602990825516,0.007246376811594202,0.005821976489922445,0.027762097386508148,3
192.168.0.219,2.0,17.0,0.10607539951380864,0.02294685990338164,0.17689396064141918,0.07529677548148125,0
192.168.0.220,3.0,4.0,0.10732615607935302,0.008454106280193236,0.058852575757027764,0.05179674447346944,1
192.168.0.221,2.0,1.0,0.09182700363715218,0.003623188405797101,0.08768694869199999,0.059036278564712635,2
192.168.0.222,2.0,1.0,0.09199384806801686,0.003623188405797101,0.001518205024855569,0.059036278564712635,3
192.168.0.223,1.0,1.0,0.08881677733658114,0.0024154589371980675,0.0019493109676328225,0.047625134266620635,3
192.168.0.224,8.0,3.0,0.13515145580362972,0.013285024154589372,0.06494949761525738,0.1443249689305026,2
192.168.0.225,1.0,1.0,0.08292535838744564,0.0024154589371980675,0.0020105458489349973,0.02637129841873957,3
192.168.0.226,4.0,1.0,0.08340346196715294,0.006038647342995169,0.008746852198169165,0.026371298418739576,3
192.168.0.227,2.0,1.0,0.0867208797301668,0.003623188405797101,0.0015077668263620628,0.04556068960657546,3
192.168.0.228,2.0,1.0,0.09830091324923632,0.003623188405797101,0.0008712488202262658,0.05597152047582107,3
192.168.0.229,1.0,1.0,0.08286598057354301,0.0024154589371980675,2.0201843186964893e-05,0.02637129841873957,3
192.168.0.230,1.0,1.0,0.08494262620184088,0.0024154589371980675,0.0006092912994057342,0.02896468412786576,3
192.168.0.231,4.0,1.0,0.10732615607935302,0.006038647342995169,0.012506576899550464,0.07900787478026991,2
192.168.0.232,2.0,1.0,0.08427107313918199,0.003623188405797101,0.0011471637674255832,0.03179023849088977,3
192.168.0.233,3.0,1.0,0.08477373650972755,0.004830917874396135,0.002704067128256182,0.03179023849088977,3
192.168.0.234,3.0,1.0,0.10873796323314852,0.004830917874396135,0.030023273707666383,0.0626254293792464,3
192.168.0.235,4.0,1.0,0.07696891459258494,0.006038647342995169,0.0034897588824827144,0.006967927091438759,2
192.168.0.236,1.0,1.0,0.09247692078618225,0.0024154589371980675,0.006631413233326911,0.019765076400713264,3
192.168.0.237,4.0,1.0,0.08883625683594215,0.006038647342995169,0.01012824276092505,0.0660319343240721,2
192.168.0.238,1.0,1.0,0.07273932172819939,0.0024154589371980675,0.0005629336905733169,0.011411144298092004,3
192.168.0.239,2.0,1.0,0.08572463768115941,0.003623188405797101,0.0008401403208458542,0.03491928301306946,3
192.168.0.240,3.0,1.0,0.09104268668093465,0.004830917874396135,0.0028706088981573976,0.030318534733252207,3
192.168.0.241,3.0,5.0,0.08479148273884828,0.00966183574879227,0.027204261520937908,0.020943019225412248,1
192.168.0.242,3.0,2.0,0.07741020793950851,0.006038647342995169,0.0034180301693839364,0.015277124846147388,3
192.168.0.243,2.0,2.0,0.06278854643365032,0.004830917874396135,0.005661265785602045,0.004553688108267686,3
192.168.0.244,4.0,3.0,0.10072085367238051,0.008454106280193236,0.04303126960058778,0.05027611756248868,1
192.168.0.245,2.0,1.0,0.06081358952683406,0.003623188405797101,0.0011780258154879186,0.002924161438224526,3
192.168.0.246,1.0,2.0,0.060736079328756666,0.003623188405797101,0.010789841980806389,0.0029241614382245255,3
192.168.0.247,5.0,1.0,0.08954325479020189,0.007246376811594202,0.0033099381385486215,0.024490842593148168,2
192.168.0.248,2.0,2.0,0.06093251794561538,0.004830917874396135,0.0068186495910020775,0.002924161438225075,3
192.168.0.249,1.0,1.0,0.06077253008904399,0.0024154589371980675,0.0001234016204312193,0.0029241614382245255,3
192.168.0.250,6.0,1.0,0.1027651688553795,0.008454106280193236,0.015221275415052473,0.04107110296491736,2
192.168.0.251,2.0,1.0,0.07387359347865734,0.003623188405797101,0.0014053980715828147,0.014650852073539562,3
192.168.0.252,2.0,2.0,0.06866981657090417,0.004830917874396135,0.003344176959523155,0.006230603600661552,3
192.168.0.253,3.0,1.0,0.0687922746337429,0.004830917874396135,0.0012892183493098271,0.006230603600661552,3
192.168.0.254,2.0,1.0,0.08784404967327657,0.003623188405797101,0.01286365751693548,0.05544279372087176,3
192.168.0.255,2.0,1.0,0.08435882808361517,0.003623188405797101,0.00045539335666037735,0.034836529257374994,3
192.168.1.0,5.0,1.0,0.07530889895760495,0.007246376811594202,0.01254841140493841,0.010756923041382134,2
192.168.1.1,2.0,1.0,0.0852914114641984,0.003623188405797101,0.0031462458368903866,0.01594610913861732,3
192.168.1.2,3.0,1.0,0.0665268806838266,0.004830917874396135,0.00611294800622824,0.005963221979440227,3
192.168.1.3,2.0,1.0,0.08033496887018608,0.003623188405797101,0.013730033787032185,0.026155263218161934,3
192.168.1.4,2.0,1.0,0.06666374474053295,0.003623188405797101,0.002039412579079263,0.002439387671527813,3
192.168.1.5,7.0,1.0,0.08481811601789933,0.00966183574879227,0.003850763386276767,0.02481501595813427,2
192.168.1.6,5.0,1.0,0.09116563426591902,0.007246376811594202,0.006964097804375219,0.0604393275217423,2
192.168.1.7,2.0,2.0,0.09246636526503327,0.004830917874396135,0.01058112034379492,0.06260009188581095,3
192.168.1.8,2.0,1.0,0.08328341997398545,0.003623188405797101,0.004602612706813327,0.022625371085912616,3
192.168.1.9,3.0,1.0,0.0853003923435776,0.004830917874396135,0.001414643315042874,0.028215423653553822,3
192.168.1.10,2.0,2.0,0.09250860181420081,0.004830917874396135,0.005698636192563953,0.06260009188581095,3
192.168.1.11,2.0,1.0,0.09391349711186604,0.003623188405797101,0.005591215080398087,0.0724783001432231,3
192.168.1.12,3.0,2.0,0.09238200776450639,0.006038647342995169,0.024408459059524587,0.0423885013695184,3
192.168.1.13,2.0,1.0,0.10202743401598947,0.003623188405797101,0.021087281186316493,0.04410846646923404,3
192.168.1.14,5.0,1.0,0.08404376243250923,0.007246376811594202,0.0068113069959713154,0.01885255225444206,2
192.168.1.15,2.0,1.0,0.09597178368522172,0.003623188405797101,0.0024697848576719313,0.04175831989975919,3
192.168.1.16,1.0,1.0,0.09589226161067192,0.0024154589371980675,0.027249469549098945,0.04175831989975919,3
192.168.1.17,3.0,1.0,0.09761390843317948,0.004830917874396135,0.0021052267766425788,0.04204765636039822,3
192.168.1.18,1.0,1.0,0.0959831547496394,0.0024154589371980675,0.0008941141077989824,0.04175831989975919,3
192.168.1.19,1.0,1.0,0.0958809120708908,0.0024154589371980675,0.000830701414486004,0.04175831989975919,3
192.168.1.20,3.0,7.0,0.09782608695652173,0.012077294685990338,0.025591526152747852,0.04361234701185222,1
192.168.1.21,2.0,1.0,0.09616072169165071,0.003623188405797101,7.596727537845246e-05,0.04175831989975919,3
192.168.1.22,2.0,1.0,0.10707082025997311,0.003623188405797101,0.032424099927122904,0.06592590503434356,3
192.168.1.23,2.0,1.0,0.09597178368522172,0.003623188405797101,0.0009941242423323641,0.04175831989975919,3
192.168.1.24,1.0,1.0,0.09594904963720911,0.0024154589371980675,0.0005630437981523624,0.04175831989975919,3
192.168.1.25,3.0,1.0,0.10083368509919796,0.004830917874396135,0.01770162317200238,0.07957227633557146,3
192.168.1.26,1.0,2.0,0.09589226161067192,0.003623188405797101,0.052054457768646395,0.04175831989975919,3
192.168.1.27,3.0,2.0,0.09969207803186764,0.006038647342995169,0.02486042109199859,0.05337327329494375,3
192.168.1.28,1.0,1.0,0.09590361383768871,0.0024154589371980675,0.0009309503086118408,0.04175831989975919,3
192.168.1.29,1.0,1.0,0.09586956521739129,0.0024154589371980675,0.007875674078598916,0.04175831989975919,3
192.168.1.30,3.0,1.0,0.09609701377069473,0.004830917874396135,0.008793567946390263,0.04175831989975921,3
192.168.1.31,1.0,1.0,0.09695964405588947,0.0024154589371980675,0.002710407006754902,0.028725106810311752,3
192.168.1.32,2.0,1.0,0.09711074395671979,0.003623188405797101,0.0016358173046832957,0.028725106810311752,3
192.168.1.33,7.0,1.0,0.10244029161443556,0.00966183574879227,0.009470064275936737,0.039645615758423604,2
192.168.1.34,2.0,7.0,0.08412230800487606,0.010869565217391304,0.08755173194882362,0.0327448120800211,1
192.168.1.35,2.0,1.0,0.1191495552414997,0.003623188405797101,0.0026994530411806055,0.0800492842455321,3
192.168.1.36,4.0,1.0,0.08157263378179,0.006038647342995169,0.005560593846567244,0.01584024070898002,2
192.168.1.37,4.0,2.0,0.07784162833544311,0.007246376811594202,0.009501142429879088,0.014697723590789588,2
192.168.1.38,2.0,1.0,0.07981645914132135,0.003623188405797101,0.0003175618482384689,0.02527175715479349,3
192.168.1.39,4.0,1.0,0.09631409179490626,0.006038647342995169,0.0029087455274301385,0.055229802983047735,3
192.168.1.40,4.0,2.0,0.09845622582486102,0.007246376811594202,0.013807529239705083,0.05988057430178966,3
192.168.1.41,3.0,1.0,0.09933756297816757,0.004830917874396135,0.01938280643242703,0.0266387295795488,3
192.168.1.42,2.0,2.0,0.08484476603340557,0.004830917874396135,0.006251305538715948,0.010960598659864268,3
192.168.1.43,5.0,1.0,0.0941974216380182,0.007246376811594202,0.019820414622869816,0.0719287027078017,2
192.168.1.44,4.0,1.0,0.08052662287146685,0.006038647342995169,0.005980560958940118,0.0371573364885132,3
192.168.1.45,2.0,1.0,0.0891785365573488,0.003623188405797101,0.0029176816267400337,0.023936713443153616,3
192.168.1.46,2.0,3.0,0.07824008364757161,0.006038647342995169,0.005280980865203566,0.011614953395184544,3
192.168.1.47,2.0,4.0,0.07995438473025626,0.007246376811594202,0.011596081786923453,0.012683067286371188,1
192.168.1.48,1.0,2.0,0.07820231934423752,0.003623188405797101,0.0027514910420646187,0.011614953395184544,3
192.168.1.49,1.0,1.0,0.07190004669272712,0.0024154589371980675,0.00025687982288581624,0.0084723567163202,3
192.168.1.50,2.0,1.0,0.09160893656982431,0.003623188405797101,0.013049579574297844,0.0278841746826788,3
192.168.1.51,3.0,1.0,0.0916192972276585,0.004830917874396135,0.007940103238720561,0.027884174682678807,3
192.168.1.52,5.0,1.0,0.09178538704814825,0.007246376811594202,0.020365329339840005,0.027884174682679348,2
192.168.1.53,3.0,1.0,0.05737643077321032,0.004830917874396135,0.010949120127572046,0.001620786584168615,3
192.168.1.54,2.0,1.0,0.08233538226313207,0.003623188405797101,0.0027447733207157,0.013582826657691368,3
192.168.1.55,1.0,1.0,0.05747820534177356,0.0024154589371980675,0.005135405896406895,0.0016207865841737555,3
192.168.1.56,3.0,2.0,0.07612985866807222,0.006038647342995169,0.0020394125790792633,0.009899396920704465,3
192.168.1.57,2.0,1.0,0.07680108324677251,0.003623188405797101,0.005015616963595516,0.010492137901873805,3
192.168.1.58,4.0,2.0,0.07146240526525727,0.007246376811594202,0.013693722046003734,0.006466009049500628,2
192.168.1.59,4.0,1.0,0.07889538625700784,0.006038647342995169,0.003220724921411003,0.008844119677369406,2
192.168.1.60,2.0,1.0,0.06285675248967694,0.003623188405797101,0.006130302119712946,0.0034351668005926064,3
192.168.1.61,3.0,1.0,0.06552599094774379,0.004830917874396135,0.002868053243296396,0.002189290675021426,3
192.168.1.62,2.0,1.0,0.0845260669957175,0.003623188405797101,0.006718511542018021,0.033789062013237746,3
192.168.1.63,4.0,1.0,0.0785968590362818,0.006038647342995169,0.0057028621109111105,0.012707415962732331,2
192.168.1.64,3.0,1.0,0.08404376243250923,0.004830917874396135,0.0021936257245257873,0.022770763458022057,3
192.168.1.65,3.0,1.0,0.09863604360001905,0.004830917874396135,0.004418715559034151,0.06369546979518802,3
192.168.1.66,1.0,1.0,0.08470282581419453,0.0024154589371980675,0.0015231702971569435,0.03471227052676583,3
192.168.1.67,3.0,1.0,0.08603417864135052,0.004830917874396135,0.005857722941801064,0.04019159646885284,3
192.168.1.68,1.0,1.0,0.07757328603724567,0.0024154589371980675,0.006237379932900673,0.010456179399494675,3
192.168.1.69,3.0,2.0,0.08763498767708314,0.006038647342995169,0.027594382119972304,0.023158402518497354,3
192.168.1.70,1.0,1.0,0.08907067906398643,0.0024154589371980675,0.010661185148922338,0.024186776943188187,3
192.168.1.71,1.0,1.0,0.0891785365573488,0.0024154589371980675,0.0013207063773981109,0.024186776943188187,3
192.168.1.72,1.0,1.0,0.08916872053791486,0.0024154589371980675,0.001466911119400473,0.024186776943188187,3
192.168.1.73,1.0,1.0,0.08911967283684889,0.0024154589371980675,0.000751873660106666,0.024186776943188187,3
192.168.1.74,1.0,2.0,0.08909027010744051,0.003623188405797101,0.0025437742532225757,0.024186776943188187,3
192.168.1.75,5.0,1.0,0.10133823193482068,0.007246376811594202,0.007168611779743333,0.060464415063727246,2
192.168.1.76,2.0,4.0,0.08757814336075205,0.007246376811594202,0.0507138829264155,0.023158402518497354,1
192.168.1.77,3.0,2.0,0.09510422940678052,0.006038647342995169,0.003292337152281423,0.03409182791044867,3
192.168.1.78,1.0,2.0,0.07758814539670113,0.003623188405797101,0.007574786902678877,0.018163186991626844,3
192.168.1.79,1.0,9.0,0.07758071500545456,0.012077294685990338,0.064038575688857,0.018163186991626844,0
192.168.1.80,1.0,1.0,0.07760301044994314,0.0024154589371980675,0.004553702340687781,0.018163186991626844,3
192.168.1.81,1.0,2.0,0.07757328603724567,0.003623188405797101,0.0038724534203215654,0.018163186991626844,3
192.168.1.82,3.0,1.0,0.10815725314912637,0.004830917874396135,0.0039561338106367284,0.04456210655649681,3
192.168.1.83,2.0,1.0,0.07608695652173914,0.003623188405797101,0.005066013782038177,0.009282757228375809,3
192.168.1.84,3.0,1.0,0.111323048795789,0.004830917874396135,0.028831379447474825,0.07860840595688123,3
192.168.1.85,2.0,1.0,0.07414404412291382,0.003623188405797101,0.0032450488446492862,0.007034560519753295,3
192.168.1.86,3.0,4.0,0.08849659450370946,0.008454106280193236,0.013968228933267575,0.023476094499003328,1
192.168.1.87,4.0,5.0,0.05450799529585227,0.010869565217391304,0.012925176805668546,0.0008976715846053351,1
192.168.1.88,2.0,4.0,0.0544383997101644,0.007246376811594202,0.004607480620834282,0.0008976715846427419,1
192.168.1.89,2.0,1.0,0.07102243751037876,0.003623188405797101,3.796972936345209e-05,0.005492528334151078,3
192.168.1.90,2.0,1.0,0.06680668201277887,0.003623188405797101,0.005715955061086757,0.003588090353907774,3
192.168.1.91,2.0,1.0,0.06679015797567454,0.003623188405797101,0.0062474321753539465,0.003588090353907774,3
192.168.1.92,3.0,1.0,0.07971834541300497,0.004830917874396135,0.001662027544604696,0.019407266299593634,3
192.168.1.93,1.0,1.0,0.07202790309299871,0.0024154589371980675,0.005663452869830032,0.005799769734740938,3
192.168.1.94,2.0,4.0,0.0805907109119535,0.007246376811594202,0.012223269203054688,0.012843085616034554,1
192.168.1.95,3.0,3.0,0.08067899871396839,0.007246376811594202,0.031620834966807884,0.012843085616034554,3
192.168.1.96,3.0,1.0,0.08118026115712562,0.004830917874396135,0.002123413440400805,0.0150327304882558,3
192.168.1.97,1.0,2.0,0.07204071374717266,0.003623188405797101,0.0031660988655889005,0.010075808833263982,3
192.168.1.98,1.0,1.0,0.07202149947430267,0.0024154589371980675,0.00015206552082461168,0.010075808833263982,3
192.168.1.99,3.0,11.0,0.0721626426231032,0.016908212560386472,0.035431877961844854,0.010075808833263998,0
192.168.1.100,1.0,2.0,0.07199589638170605,0.003623188405797101,0.011823901954327969,0.010075808833263982,3
192.168.1.101,2.0,1.0,0.07204712078325831,0.003623188405797101,0.0010517916380734672,0.010075808833263984,3
192.168.1.102,2.0,1.0,0.10022242064666045,0.003623188405797101,0.028262125581864302,0.0435894952779652,3
192.168.1.103,3.0,1.0,0.06919181978877319,0.004830917874396135,0.0033628853962301202,0.0039019633473116808,3
192.168.1.104,3.0,2.0,0.08176199294377841,0.006038647342995169,0.0109005425359718,0.013021751216639394,3
192.168.1.105,2.0,3.0,0.05174360156406212,0.006038647342995169,0.005622405923389048,0.000496646104661818,3
192.168.1.106,1.0,3.0,0.05172047667030304,0.004830917874396135,0.0016905291811973899,0.0004966461046618173,3
192.168.1.107,2.0,1.0,0.05174690680849291,0.003623188405797101,0.00041058420809748285,0.000496646104661818,3
192.168.1.108,3.0,2.0,0.05181310048525465,0.006038647342995169,0.0016676614418364803,0.0004966461046618187,3
192.168.1.109,1.0,1.0,0.05166440217391304,0.0024154589371980675,0.0007002494319144337,0.0004966461048824826,3
192.168.1.110,1.0,1.0,0.051670992861778064,0.0024154589371980675,0.0004724310557337212,0.0004966461048824826,3
192.168.1.111,2.0,1.0,0.05171057232777713,0.003623188405797101,0.00042302172842102406,0.0004966461048824833,3
192.168.1.112,2.0,1.0,0.0697578425976885,0.003623188405797101,0.005432397330825386,0.0035067673616499453,3
192.168.1.113,4.0,3.0,0.07487040906533794,0.008454106280193236,0.006719498137536094,0.007122213432409684,3
192.168.1.114,2.0,2.0,0.07478056180992859,0.004830917874396135,0.0037129770799136227,0.0071222134324096685,3
192.168.1.115,2.0,1.0,0.07521101347014729,0.003623188405797101,0.0016529033667985425,0.00931185830463038,3
192.168.1.116,2.0,1.0,0.07476675829136654,0.003623188405797101,0.02951925596469784,0.0071222134324096685,3
192.168.1.117,2.0,1.0,0.07514822134387351,0.003623188405797101,0.001644532398589318,0.008335953895973792,3
192.168.1.118,2.0,1.0,0.06733420547643226,0.003623188405797101,0.0017199244277210732,0.005590052567641203,3
192.168.1.119,2.0,1.0,0.06731741948537115,0.003623188405797101,0.0003041618085516929,0.005590052567641203,3
192.168.1.120,1.0,1.0,0.06730623347349256,0.0024154589371980675,0.002055488285619896,0.0055900525676414094,3
192.168.1.121,4.0,1.0,0.06753066239471128,0.006038647342995169,0.001640316648071235,0.005590052567641412,2
192.168.1.122,5.0,1.0,0.06755318763233459,0.007246376811594202,0.0033628767035265117,0.005590052567641412,2
192.168.1.123,3.0,1.0,0.06741826115903433,0.004830917874396135,0.020427476440348254,0.00559005256764141,3
192.168.1.124,1.0,6.0,0.06716115288401231,0.008454106280193236,0.010898773860544183,0.005590052567641203,1
192.168.1.125,2.0,1.0,0.0493210244192972,0.003623188405797101,0.0007306738945454048,0.00027441068440183235,3
192.168.1.126,3.0,1.0,0.05323287068517259,0.004830917874396135,0.005207904783045417,0.0004349625305857585,3
192.168.1.127,2.0,6.0,0.06986613420327352,0.00966183574879227,0.004797425256172606,0.003949352386768475,1
192.168.1.128,2.0,1.0,0.06981194640528753,0.003623188405797101,0.0006965984963987171,0.003949352386768433,3
192.168.1.129,1.0,1.0,0.06961995755302136,0.0024154589371980675,0.00014725439913390072,0.003949352386768225,3
192.168.1.130,2.0,1.0,0.06966785570063265,0.003623188405797101,0.0018037812008949168,0.003949352386768225,3
192.168.1.131,4.0,1.0,0.07189366578691485,0.006038647342995169,0.03327943094812604,0.004109904232935503,2
192.168.1.132,2.0,1.0,0.06348231534260297,0.003623188405797101,0.0030671300642648104,0.003101685909048686,3
192.168.1.133,3.0,1.0,0.06334828167711577,0.004830917874396135,0.021209562461117847,0.003101685909048645,3
192.168.1.134,2.0,1.0,0.06403429184151106,0.003623188405797101,0.001282695344521747,0.0032530728585671524,3
192.168.1.135,2.0,3.0,0.06595813597842017,0.006038647342995169,0.009721224879361496,0.003342226956101157,3
192.168.1.136,2.0,1.0,0.06298381481005727,0.003623188405797101,0.0020931218971104726,0.0031016859090464174,3
192.168.1.137,2.0,1.0,0.0630720823798627,0.003623188405797101,0.0018403148956221869,0.0031016859090464174,3
192.168.1.138,2.0,1.0,0.06709440335323476,0.003623188405797101,0.03301690434497592,0.002278798969649445,3
192.168.1.139,3.0,5.0,0.05966252953947242,0.00966183574879227,0.021563532829151622,0.0017210727587492255,1
192.168.1.140,2.0,4.0,0.061971987919748804,0.007246376811594202,0.004879325802253095,0.003575099870824871,1
192.168.1.141,3.0,2.0,0.062229054085647294,0.006038647342995169,0.0042523662930055856,0.0019248277423717217,3
192.168.1.142,3.0,1.0,0.05950913289406865,0.004830917874396135,0.001901650612286226,0.0017210727587318485,3
192.168.1.143,3.0,2.0,0.06291533287410347,0.006038647342995169,0.03283547718941492,0.0012633229775466418,2
192.168.1.144,2.0,1.0,0.05640564169941209,0.003623188405797101,0.0014934064800002447,0.0009549023843760141,3
192.168.1.145,2.0,1.0,0.05641742642850871,0.003623188405797101,0.015976899119653627,0.0009549023843760141,3
192.168.1.146,1.0,1.0,0.05838542890716804,0.0024154589371980675,0.0012265764090501653,0.0019832768089567358,3
192.168.1.147,2.0,10.0,0.059183067364622775,0.014492753623188404,0.031311016895042426,0.0007002477247705654,0
192.168.1.148,5.0,4.0,0.05989632725227035,0.010869565217391304,0.043028920086404646,0.0009402237335168356,2
192.168.1.149,3.0,3.0,0.06062698893032154,0.007246376811594202,0.0024227121290892914,0.0015104720581184015,1
192.168.1.150,2.0,1.0,0.05725882287863701,0.003623188405797101,0.0017208632397108295,0.0005486437509438417,3
192.168.1.151,2.0,1.0,0.05727501598465473,0.003623188405797101,0.0003358698410658524,0.0005486437509438417,3
192.168.1.152,1.0,1.0,0.0559744482138124,0.0024154589371980675,1.6794303372296118e-05,0.0003880919047775276,3
192.168.1.153,2.0,4.0,0.05654343729231217,0.007246376811594202,0.011739317867303561,0.0005215636862789396,1
192.168.1.154,1.0,3.0,0.05650005761521527,0.004830917874396135,0.028330616341893367,0.0005215636862787465,3
192.168.1.155,1.0,2.0,0.053535410129986555,0.003623188405797101,0.0024052270455368775,0.00028933646063902514,3
192.168.1.156,6.0,6.0,0.05394897616455491,0.014492753623188404,0.011145186063478108,0.0002893364606394277,1
192.168.1.157,1.0,7.0,0.053468274443070195,0.00966183574879227,0.023605666001570533,0.00028933646063718287,1
192.168.1.158,2.0,2.0,0.053514191180271925,0.004830917874396135,0.0015955144536712279,0.00028933646063718357,3
192.168.1.159,3.0,1.0,0.05360980915141,0.004830917874396135,0.0005910621204244042,0.0002893364606371843,3
192.168.1.160,4.0,1.0,0.051424987373005555,0.006038647342995169,0.001497029598864413,0.00028736945970092104,3
192.168.1.161,2.0,2.0,0.051268769450475066,0.004830917874396135,0.0015405371599402757,0.00016055184618391286,3
192.168.1.162,4.0,1.0,0.051447848729007775,0.006038647342995169,0.0018647935489847062,0.00028736945970092104,3
192.168.1.163,1.0,2.0,0.05075164929751638,0.003623188405797101,0.002481029739060337,0.00016055184616630007,3
192.168.1.164,1.0,1.0,0.050748469967234006,0.0024154589371980675,0.008178585823688604,0.00016055184616630007,3
192.168.1.165,1.0,1.0,0.050748469967234006,0.0024154589371980675,0.008178585823688604,0.00016055184616630007,3
192.168.1.166,1.0,1.0,0.04829773004751425,0.0024154589371980675,0.0006060552956089467,8.915409742140687e-05,3
192.168.1.167,2.0,2.0,0.048369824820095324,0.004830917874396135,0.00012179520880430402,8.915409742140759e-05,3
192.168.1.168,4.0,18.0,0.04838426961040175,0.026570048309178744,0.0181394366682995,0.00022789070877597483,0
192.168.1.169,1.0,1.0,0.04617257486959,0.0024154589371980675,0.0005180434101100733,0.00012681761351700759,3
192.168.1.170,1.0,1.0,0.04619890653475657,0.0024154589371980675,6.645398054892824e-05,0.00012681761351700759,3
192.168.1.171,1.0,1.0,0.04618573694908532,0.0024154589371980675,0.0012018879717738873,0.00012681761351700759,3
192.168.1.172,1.0,1.0,0.04619890653475657,0.0024154589371980675,0.0023993948209289147,0.00012681761351700759,3
192.168.1.173,1.0,1.0,0.04614627320347232,0.0024154589371980675,0.0027645370516407785,0.00012681761351700759,3
192.168.1.174,1.0,1.0,0.046196272016820056,0.0024154589371980675,9.200357499605699e-05,0.00012681761351700759,3
192.168.1.175,5.0,1.0,0.046562698361130965,0.007246376811594202,0.002499297165937546,0.00012681761353242358,2
192.168.1.176,2.0,1.0,0.04455248452328859,0.003623188405797101,0.0020589085747331898,7.080063029443927e-05,3
192.168.1.177,2.0,1.0,0.04423138553573336,0.003623188405797101,0.0018317960460855155,7.080063027869763e-05,3
192.168.1.178,6.0,2.0,0.044299110082952724,0.00966183574879227,0.005984053687250154,7.080063027909946e-05,2
192.168.1.179,2.0,1.0,0.04245573219888667,0.003623188405797101,0.0012680916024588808,3.9739466495840255e-05,3
192.168.1.180,2.0,2.0,0.04243349358791873,0.004830917874396135,0.004819697332577833,3.973946649971723e-05,3
192.168.1.181,4.0,1.0,0.010064412238325281,0.006038647342995169,0.007059935704591611,7.949302606573906e-15,3
192.168.1.182,2.0,3.0,0.003105590062111801,0.006038647342995169,0.0013343949094785888,2.022090457770114e-15,3
192.168.1.183,1.0,1.0,0.0034811025859619207,0.0024154589371980675,0.001909220218588811,2.0495304189865184e-15,3
192.168.1.184,2.0,2.0,0.0042941492216854536,0.004830917874396135,0.0009938576660883584,2.0502525232290547e-15,3
192.168.1.185,7.0,1.0,0.011042097998619736,0.00966183574879227,0.005175566187079777,8.170790030366048e-16,2
192.168.1.186,2.0,1.0,0.0042941492216854536,0.003623188405797101,0.002071784207318617,7.430633181765684e-16,3
192.168.1.187,2.0,1.0,0.003698671497584541,0.003623188405797101,0.0008590848303096168,7.289822854470986e-16,3
192.168.1.188,2.0,1.0,0.0042941492216854536,0.003623188405797101,0.000935636255370584,7.430633181765688e-16,3
192.168.1.189,1.0,1.0,0.0024154589371980675,0.0024154589371980675,0.00012362763072504935,2.0726197021416359e-16,3
192.168.1.190,2.0,1.0,0.003952569169960474,0.003623188405797101,0.0015041402304164515,2.2206510718617074e-16,3
192.168.1.191,1.0,1.0,0.0024154589371980675,0.0024154589371980675,2.0566936738536548e-05,2.0726197021416359e-16,3
192.168.1.192,1.0,2.0,0.0024154589371980675,0.003623188405797101,4.381122618859856e-05,2.0726197021416359e-16,3
192.168.1.193,1.0,1.0,0.0024154589371980675,0.0024154589371980675,0.00013666668613832275,2.0726197021416359e-16,3
192.168.1.194,3.0,1.0,0.004931561996779388,0.004830917874396135,0.0012666312282525942,2.368682441581779e-16,3
192.168.1.195,3.0,3.0,0.004347826086956522,0.007246376811594202,0.0017898833063650897,2.0870617869923756e-16,1
192.168.1.196,2.0,1.0,0.0032206119162640897,0.003623188405797101,0.0006785872145211822,2.9624326550077744e-17,3
192.168.1.197,1.0,2.0,0.0016103059581320449,0.003623188405797101,0.00016434773151034125,1.4821189578070585e-17,3
192.168.1.198,1.0,1.0,0.0016103059581320449,0.0024154589371980675,1.6794303372296118e-05,1.4821189578070585e-17,3
192.168.1.199,1.0,1.0,0.0016103059581320449,0.0024154589371980675,0.00021190377441363193,1.4821189578070585e-17,3
192.168.1.200,2.0,1.0,0.0037741545893719805,0.003623188405797101,0.0011172024941893336,4.370535927954796e-17,3
192.168.1.201,2.0,1.0,0.004347826086956522,0.003623188405797101,0.001414615814489638,5.778639200901816e-17,3
192.168.1.202,2.0,1.0,0.0032206119162640897,0.003623188405797101,0.0006849155027484243,2.9624326550077744e-17,3
192.168.1.203,3.0,1.0,0.004313319530710835,0.004830917874396135,0.001267446603851104,3.034643079261468e-17,3
192.168.1.204,3.0,1.0,0.004830917874396135,0.004830917874396135,0.0007140128792951111,4.4427463522084886e-17,3
192.168.1.205,1.0,1.0,0.002173913043478261,0.0024154589371980675,0.0004203443757094985,2.89022223075408e-17,3
192.168.1.206,1.0,1.0,0.002173913043478261,0.0024154589371980675,0.0004203443757094985,2.89022223075408e-17,3
192.168.1.207,1.0,1.0,0.002173913043478261,0.0024154589371980675,0.001053952064677053,2.89022223075408e-17,3
192.168.1.208,1.0,1.0,0.002173913043478261,0.0024154589371980675,1.8011281877534966e-05,2.89022223075408e-17,3
192.168.1.209,1.0,3.0,0.002760524499654934,0.004830917874396135,0.0004555246428263969,4.2983255037011e-17,3
192.168.1.210,3.0,1.0,0.004830917874396135,0.004830917874396135,2.9207484125732375e-05,4.4427463522084886e-17,3
192.168.1.211,2.0,1.0,0.0037741545893719805,0.003623188405797101,0.0007370578160757436,4.370535927954795e-17,3
192.168.1.212,2.0,1.0,0.004347826086956522,0.003623188405797101,0.0006279609087032462,5.778639200901818e-17,3
192.168.1.213,1.0,2.0,0.002760524499654934,0.003623188405797101,0.00013167707426684348,4.2983255037011e-17,3
192.168.1.214,1.0,1.0,0.0033548040794417608,0.0024154589371980675,0.00047187124562131133,5.706428776648123e-17,3
192.168.1.215,1.0,3.0,0.0033548040794417608,0.004830917874396135,0.00043970940129571816,5.706428776648123e-17,3
192.168.1.216,2.0,1.0,0.002717391304347826,0.003623188405797101,0.0006323420313221059,1.554329382060752e-17,3
192.168.1.217,2.0,9.0,0.002717391304347826,0.013285024154589372,0.000744561357830902,1.554329382060752e-17,0
192.168.1.218,1.0,1.0,0.0016103059581320449,0.0024154589371980675,1.387355495972288e-05,1.4821189578070585e-17,3
192.168.1.219,1.0,2.0,0.0016103059581320449,0.003623188405797101,0.00022897276721996768,1.4821189578070585e-17,3
192.168.1.220,1.0,1.0,0.0016103059581320449,0.0024154589371980675,0.0003857335070205056,1.4821189578070585e-17,3
192.168.1.221,1.0,1.0,0.0016103059581320449,0.0024154589371980675,0.0002563443523435112,1.4821189578070585e-17,3
192.168.1.222,2.0,1.0,0.002717391304347826,0.003623188405797101,1.387355495972288e-05,1.554329382060752e-17,3
192.168.1.223,5.0,1.0,0.006211180124223602,0.007246376811594202,0.0029778073190617218,1.770960654821832e-17,2
192.168.1.224,3.0,2.0,0.004313319530710835,0.006038647342995169,0.0017601565780771221,3.034643079261468e-17,3
192.168.1.225,1.0,1.0,0.002173913043478261,0.0024154589371980675,0.0003736124011083266,2.89022223075408e-17,3
192.168.1.226,1.0,1.0,0.0016103059581320449,0.0024154589371980675,0.00112439520593666,1.4821189578070585e-17,3
192.168.1.227,2.0,1.0,0.002717391304347826,0.003623188405797101,0.000712224500405984,1.554329382060752e-17,3
192.168.1.228,1.0,1.0,0.0016103059581320449,0.0024154589371980675,0.0002545919032959672,1.4821189578070585e-17,3
192.168.1.229,2.0,1.0,0.002717391304347826,0.003623188405797101,0.0006279609087032461,2.962432655007772e-17,3
192.168.1.230,3.0,1.0,0.003864734299516908,0.004830917874396135,0.0006849155027484242,1.6265398063144452e-17,3
192.168.1.231,1.0,1.0,0.0012077294685990338,0.0024154589371980675,0.0003202113842984459,7.401568486003576e-19,3
192.168.1.232,2.0,1.0,0.0024154589371980675,0.003623188405797101,0.000350879242630465,1.4622610911372925e-18,3
192.168.1.233,2.0,2.0,0.0024154589371980675,0.004830917874396135,0.00012410746796425782,1.4622610911372925e-18,3
192.168.1.234,1.0,1.0,0.0012077294685990338,0.0024154589371980675,2.9207484125732377e-06,7.401568486003576e-19,3
192.168.1.235,1.0,1.0,0.0012077294685990338,0.0024154589371980675,2.9207484125732377e-06,7.401568486003576e-19,3
192.168.1.236,2.0,1.0,0.0024154589371980675,0.003623188405797101,0.0006294212829095327,1.4622610911372925e-18,3
192.168.1.237,3.0,1.0,0.0036231884057971015,0.004830917874396135,0.0012926745682647054,2.1843653336742275e-18,3
192.168.1.238,2.0,1.0,0.0024154589371980675,0.003623188405797101,0.0003221533342846628,1.4622610911372925e-18,3
192.168.1.239,1.0,1.0,0.0012077294685990338,0.0024154589371980675,3.0546160481495106e-05,7.401568486003576e-19,3
192.168.1.240,1.0,9.0,0.0012077294685990338,0.012077294685990338,0.00034174494967828653,7.401568486003576e-19,1
192.168.1.241,1.0,1.0,0.0012077294685990338,0.0024154589371980675,3.650935515716547e-06,7.401568486003576e-19,3
192.168.1.242,2.0,1.0,0.0024154589371980675,0.003623188405797101,0.0006250401602906729,1.4622610911372925e-18,3
192.168.1.243,1.0,1.0,0.0012077294685990338,0.0024154589371980675,1.4603742062866189e-06,7.401568486003576e-19,3
192.168.1.244,2.0,1.0,0.0024154589371980675,0.003623188405797101,0.0006396439023535391,1.4622610911372925e-18,3
192.168.1.245,2.0,5.0,0.0024154589371980675,0.008454106280193236,0.0009110301090218025,1.4622610911372925e-18,1
192.168.1.246,2.0,1.0,0.0024154589371980675,0.003623188405797101,0.0009129042559198702,1.4622610911372925e-18,3
192.168.1.247,1.0,1.0,0.0012077294685990338,0.0024154589371980675,0.0006235797860843863,7.401568486003576e-19,3
192.168.1.248,2.0,1.0,0.0024154589371980675,0.003623188405797101,0.0006868626683568064,1.4622610911372925e-18,3
192.168.1.249,1.0,1.0,0.0012077294685990338,0.0024154589371980675,5.3547054230509366e-05,7.401568486003576e-19,3
192.168.1.250,1.0,1.0,0.0012077294685990338,0.0024154589371980675,0.00016112795409362364,7.401568486003576e-19,3
192.168.1.251,2.0,1.0,0.0024154589371980675,0.003623188405797101,5.841496825146475e-06,1.4622610911372925e-18,3
192.168.1.252,2.0,1.0,0.0024154589371980675,0.003623188405797101,0.0008967636438589595,1.4622610911372925e-18,3
192.168.1.253,1.0,1.0,0.0012077294685990338,0.0024154589371980675,7.801179926725376e-05,7.401568486003576e-19,3
192.168.1.254,2.0,2.0,0.0024154589371980675,0.004830917874396135,2.9207484125732375e-05,1.4622610911372925e-18,3
192.168.1.255,2.0,3.0,0.0024154589371980675,0.006038647342995169,0.00031702290061472014,1.4622610911372925e-18,3
192.168.2.0,2.0,2.0,0.0024154589371980675,0.004830917874396135,0.000454225057295348,1.4622610911372925e-18,3
192.168.2.1,3.0,11.0,0.0036231884057971015,0.016908212560386472,0.0014509026364344171,2.1843653336742275e-18,0
192.168.2.2,4.0,4.0,0.004830917874396135,0.00966183574879227,0.0011816391353043825,2.9064695762111604e-18,1
192.168.2.3,2.0,1.0,0.0024154589371980675,0.003623188405797101,0.0007731464443782407,1.4622610911372925e-18,3
192.168.2.4,2.0,1.0,0.0024154589371980675,0.003623188405797101,3.9795197121310365e-05,1.4622610911372925e-18,3
192.168.2.5,1.0,1.0,0.0012077294685990338,0.0024154589371980675,1.5333929166009498e-05,7.401568486003576e-19,3
192.168.2.6,2.0,1.0,0.0024154589371980675,0.003623188405797101,0.0005555193939085428,1.4622610911372925e-18,3
192.168.2.7,1.0,1.0,0.0012077294685990338,0.0024154589371980675,0.0003065377615217266,7.401568486003576e-19,3
192.168.2.8,1.0,1.0,0.0012077294685990338,0.0024154589371980675,8.762245237719714e-06,7.401568486003576e-19,3
192.168.2.9,1.0,1.0,0.0012077294685990338,0.0024154589371980675,0.0001868062005541633,7.401568486003576e-19,3
192.168.2.10,1.0,1.0,0.0012077294685990338,0.0024154589371980675,2.9207484125732377e-06,7.401568486003576e-19,3
192.168.2.11,1.0,2.0,0.0012077294685990338,0.003623188405797101,4.381122618859857e-06,7.401568486003576e-19,3
192.168.2.12,2.0,1.0,0.0024154589371980675,0.003623188405797101,2.774710991944576e-05,1.4622610911372925e-18,3
192.168.2.13,1.0,1.0,0.0012077294685990338,0.0024154589371980675,1.143959794924518e-05,7.401568486003576e-19,3
192.168.2.14,1.0,1.0,0.0012077294685990338,0.0024154589371980675,1.7524490475439428e-05,7.401568486003576e-19,3
192.168.2.15,1.0,1.0,0.0012077294685990338,0.0024154589371980675,0.0003111408378393991,7.401568486003576e-19,3
192.168.2.16,2.0,1.0,0.0024154589371980675,0.003623188405797101,0.0006484061475912587,1.4622610911372925e-18,3
192.168.2.17,3.0,1.0,0.0036231884057971015,0.004830917874396135,0.0013082518931317626,2.1843653336742275e-18,3
192.168.2.18,1.0,10.0,0.0012077294685990338,0.013285024154589372,0.00033805228918524745,7.401568486003576e-19,0
192.168.2.19,1.0,2.0,0.0012077294685990338,0.003623188405797101,2.141882169220374e-05,7.401568486003576e-19,3
192.168.2.20,1.0,6.0,0.0012077294685990338,0.008454106280193236,7.742417250329557e-05,7.401568486003576e-19,1
192.168.2.21,1.0,1.0,0.0012077294685990338,0.0024154589371980675,0.0005697893361528291,7.401568486003576e-19,3
192.168.2.22,2.0,1.0,0.0024154589371980675,0.003623188405797101,0.0007323776644527393,1.4622610911372925e-18,3
192.168.2.23,2.0,5.0,0.0024154589371980675,0.008454106280193236,0.0009047018207945604,1.4622610911372925e-18,1
192.168.2.24,2.0,1.0,0.0024154589371980675,0.003623188405797101,0.0002679786668535946,1.4622610911372925e-18,3
192.168.2.25,1.0,1.0,0.0012077294685990338,0.0024154589371980675,5.841496825146475e-06,7.401568486003576e-19,3
192.168.2.26,1.0,1.0,0.0012077294685990338,0.0024154589371980675,0.0005841496825146475,7.401568486003576e-19,3
192.168.2.27,1.0,1.0,0.0012077294685990338,0.0024154589371980675,0.0005022757940585604,7.401568486003576e-19,3
192.168.2.28,2.0,1.0,0.0024154589371980675,0.003623188405797101,0.0008010152521482105,1.4622610911372925e-18,3
192.168.2.29,1.0,1.0,0.0012077294685990338,0.0024154589371980675,0.0006235797860843863,7.401568486003576e-19,3
192.168.2.30,1.0,3.0,0.0012077294685990338,0.004830917874396135,0.0005104007850971733,7.401568486003576e-19,3
192.168.2.31,1.0,1.0,0.0012077294685990338,0.0024154589371980675,9.27337620992003e-05,7.401568486003576e-19,3
192.168.2.32,1.0,1.0,0.0012077294685990338,0.0024154589371980675,5.841496825146475e-06,7.401568486003576e-19,3
192.168.2.33,1.0,1.0,0.0012077294685990338,0.0024154589371980675,2.9207484125732377e-06,7.401568486003576e-19,3
192.168.2.34,1.0,1.0,0.0012077294685990338,0.0024154589371980675,2.9207484125732377e-06,7.401568486003576e-19,3
192.168.2.35,1.0,1.0,0.0012077294685990338,0.0024154589371980675,1.4603742062866189e-06,7.401568486003576e-19,3
192.168.2.36,1.0,7.0,0.0012077294685990338,0.00966183574879227,4.459009243195143e-05,7.401568486003576e-19,1
192.168.2.37,1.0,1.0,0.0012077294685990338,0.0024154589371980675,1.4603742062866189e-06,7.401568486003576e-19,3
192.168.2.38,1.0,1.0,0.0012077294685990338,0.0024154589371980675,3.602256375506993e-05,7.401568486003576e-19,3
192.168.2.39,0.0,1.0,0.0,0.0012077294685990338,0.0,1.8052606063423356e-20,3
192.168.2.40,0.0,1.0,0.0,0.0012077294685990338,0.0,1.8052606063423356e-20,3
192.168.2.41,0.0,1.0,0.0,0.0012077294685990338,0.0,1.8052606063423356e-20,3
192.168.2.42,0.0,1.0,0.0,0.0012077294685990338,0.0,1.8052606063423356e-20,3
192.168.2.43,0.0,1.0,0.0,0.0012077294685990338,0.0,1.8052606063423356e-20,3
192.168.2.44,0.0,1.0,0.0,0.0012077294685990338,0.0,1.8052606063423356e-20,3
192.168.2.45,0.0,1.0,0.0,0.0012077294685990338,0.0,1.8052606063423356e-20,3
192.168.2.46,0.0,1.0,0.0,0.0012077294685990338,0.0,1.8052606063423356e-20,3
192.168.2.47,0.0,1.0,0.0,0.0012077294685990338,0.0,1.8052606063423356e-20,3
192.168.2.48,0.0,2.0,0.0,0.0024154589371980675,0.0,1.8052606063423356e-20,3
192.168.2.49,0.0,1.0,0.0,0.0012077294685990338,0.0,1.8052606063423356e-20,3
192.168.2.50,0.0,2.0,0.0,0.0024154589371980675,0.0,1.8052606063423356e-20,3
192.168.2.51,0.0,1.0,0.0,0.0012077294685990338,0.0,1.8052606063423356e-20,3
192.168.2.52,0.0,1.0,0.0,0.0012077294685990338,0.0,1.8052606063423356e-20,3
192.168.2.53,0.0,1.0,0.0,0.0012077294685990338,0.0,1.8052606063423356e-20,3
192.168.2.54,0.0,3.0,0.0,0.003623188405797101,0.0,1.8052606063423356e-20,3
192.168.2.55,0.0,2.0,0.0,0.0024154589371980675,0.0,1.8052606063423356e-20,3
192.168.2.56,0.0,1.0,0.0,0.0012077294685990338,0.0,1.8052606063423356e-20,3
192.168.2.57,0.0,1.0,0.0,0.0012077294685990338,0.0,1.8052606063423356e-20,3
192.168.2.58,0.0,1.0,0.0,0.0012077294685990338,0.0,1.8052606063423356e-20,3
192.168.2.59,0.0,7.0,0.0,0.008454106280193236,0.0,1.8052606063423356e-20,1
192.168.2.60,0.0,1.0,0.0,0.0012077294685990338,0.0,1.8052606063423356e-20,3
192.168.2.61,0.0,1.0,0.0,0.0012077294685990338,0.0,1.8052606063423356e-20,3
192.168.2.62,0.0,1.0,0.0,0.0012077294685990338,0.0,1.8052606063423356e-20,3
192.168.2.63,0.0,1.0,0.0,0.0012077294685990338,0.0,1.8052606063423356e-20,3
192.168.2.64,0.0,5.0,0.0,0.006038647342995169,0.0,1.8052606063423356e-20,1
192.168.2.65,0.0,1.0,0.0,0.0012077294685990338,0.0,1.8052606063423356e-20,3
192.168.2.66,0.0,1.0,0.0,0.0012077294685990338,0.0,1.8052606063423356e-20,3
192.168.2.67,0.0,1.0,0.0,0.0012077294685990338,0.0,1.8052606063423356e-20,3
192.168.2.68,0.0,1.0,0.0,0.0012077294685990338,0.0,1.8052606063423356e-20,3
192.168.2.69,0.0,1.0,0.0,0.0012077294685990338,0.0,1.8052606063423356e-20,3
192.168.2.70,0.0,1.0,0.0,0.0012077294685990338,0.0,1.8052606063423356e-20,3
192.168.2.71,0.0,3.0,0.0,0.003623188405797101,0.0,1.8052606063423356e-20,3
192.168.2.72,0.0,1.0,0.0,0.0012077294685990338,0.0,1.8052606063423356e-20,3
192.168.2.73,0.0,1.0,0.0,0.0012077294685990338,0.0,1.8052606063423356e-20,3
192.168.2.74,0.0,1.0,0.0,0.0012077294685990338,0.0,1.8052606063423356e-20,3
192.168.2.75,0.0,1.0,0.0,0.0012077294685990338,0.0,1.8052606063423356e-20,3
192.168.2.76,0.0,1.0,0.0,0.0012077294685990338,0.0,1.8052606063423356e-20,3
192.168.2.77,0.0,1.0,0.0,0.0012077294685990338,0.0,1.8052606063423356e-20,3
192.168.2.78,0.0,1.0,0.0,0.0012077294685990338,0.0,1.8052606063423356e-20,3
192.168.2.79,0.0,9.0,0.0,0.010869565217391304,0.0,1.8052606063423356e-20,1
192.168.2.80,0.0,1.0,0.0,0.0012077294685990338,0.0,1.8052606063423356e-20,3
192.168.2.81,0.0,1.0,0.0,0.0012077294685990338,0.0,1.8052606063423356e-20,3
192.168.2.82,0.0,1.0,0.0,0.0012077294685990338,0.0,1.8052606063423356e-20,3
192.168.2.83,0.0,1.0,0.0,0.0012077294685990338,0.0,1.8052606063423356e-20,3
192.168.2.84,0.0,1.0,0.0,0.0012077294685990338,0.0,1.8052606063423356e-20,3
192.168.2.85,0.0,1.0,0.0,0.0012077294685990338,0.0,1.8052606063423356e-20,3
192.168.2.86,0.0,1.0,0.0,0.0012077294685990338,0.0,1.8052606063423356e-20,3
192.168.2.87,0.0,4.0,0.0,0.004830917874396135,0.0,1.8052606063423356e-20,1
192.168.2.88,0.0,1.0,0.0,0.0012077294685990338,0.0,1.8052606063423356e-20,3
192.168.2.89,0.0,1.0,0.0,0.0012077294685990338,0.0,1.8052606063423356e-20,3
192.168.2.90,0.0,1.0,0.0,0.0012077294685990338,0.0,1.8052606063423356e-20,3
192.168.2.91,0.0,1.0,0.0,0.0012077294685990338,0.0,1.8052606063423356e-20,3
192.168.2.92,0.0,1.0,0.0,0.0012077294685990338,0.0,1.8052606063423356e-20,3
192.168.2.93,0.0,1.0,0.0,0.0012077294685990338,0.0,1.8052606063423356e-20,3
192.168.2.94,0.0,1.0,0.0,0.0012077294685990338,0.0,1.8052606063423356e-20,3
192.168.2.95,0.0,1.0,0.0,0.0012077294685990338,0.0,1.8052606063423356e-20,3
192.168.2.96,0.0,1.0,0.0,0.0012077294685990338,0.0,1.8052606063423356e-20,3
192.168.2.97,0.0,1.0,0.0,0.0012077294685990338,0.0,1.8052606063423356e-20,3
192.168.2.98,0.0,1.0,0.0,0.0012077294685990338,0.0,1.8052606063423356e-20,3
192.168.2.99,0.0,1.0,0.0,0.0012077294685990338,0.0,1.8052606063423356e-20,3
192.168.2.100,0.0,3.0,0.0,0.003623188405797101,0.0,1.8052606063423356e-20,3
192.168.2.101,0.0,1.0,0.0,0.0012077294685990338,0.0,1.8052606063423356e-20,3
192.168.2.102,0.0,1.0,0.0,0.0012077294685990338,0.0,1.8052606063423356e-20,3
192.168.2.103,0.0,1.0,0.0,0.0012077294685990338,0.0,1.8052606063423356e-20,3
192.168.2.104,0.0,1.0,0.0,0.0012077294685990338,0.0,1.8052606063423356e-20,3
192.168.2.105,0.0,1.0,0.0,0.0012077294685990338,0.0,1.8052606063423356e-20,3
192.168.2.106,0.0,1.0,0.0,0.0012077294685990338,0.0,1.8052606063423356e-20,3
192.168.2.107,0.0,1.0,0.0,0.0012077294685990338,0.0,1.8052606063423356e-20,3
192.168.2.108,0.0,1.0,0.0,0.0012077294685990338,0.0,1.8052606063423356e-20,3
192.168.2.109,0.0,1.0,0.0,0.0012077294685990338,0.0,1.8052606063423356e-20,3
192.168.2.110,0.0,1.0,0.0,0.0012077294685990338,0.0,1.8052606063423356e-20,3
192.168.2.111,0.0,1.0,0.0,0.0012077294685990338,0.0,1.8052606063423356e-20,3
192.168.2.112,0.0,1.0,0.0,0.0012077294685990338,0.0,1.8052606063423356e-20,3
192.168.2.113,0.0,1.0,0.0,0.0012077294685990338,0.0,1.8052606063423356e-20,3
192.168.2.114,0.0,1.0,0.0,0.0012077294685990338,0.0,1.8052606063423356e-20,3
192.168.2.115,0.0,1.0,0.0,0.0012077294685990338,0.0,1.8052606063423356e-20,3
192.168.2.116,0.0,1.0,0.0,0.0012077294685990338,0.0,1.8052606063423356e-20,3
192.168.2.117,0.0,1.0,0.0,0.0012077294685990338,0.0,1.8052606063423356e-20,3
192.168.2.118,0.0,1.0,0.0,0.0012077294685990338,0.0,1.8052606063423356e-20,3
192.168.2.119,0.0,1.0,0.0,0.0012077294685990338,0.0,1.8052606063423356e-20,3
192.168.2.120,0.0,2.0,0.0,0.0024154589371980675,0.0,1.8052606063423356e-20,3
192.168.2.121,0.0,2.0,0.0,0.0024154589371980675,0.0,1.8052606063423356e-20,3
192.168.2.122,0.0,1.0,0.0,0.0012077294685990338,0.0,1.8052606063423356e-20,3
192.168.2.123,0.0,3.0,0.0,0.003623188405797101,0.0,1.8052606063423356e-20,3
192.168.2.124,0.0,2.0,0.0,0.0024154589371980675,0.0,1.8052606063423356e-20,3
192.168.2.125,0.0,1.0,0.0,0.0012077294685990338,0.0,1.8052606063423356e-20,3
192.168.2.126,0.0,1.0,0.0,0.0012077294685990338,0.0,1.8052606063423356e-20,3
192.168.2.127,0.0,1.0,0.0,0.0012077294685990338,0.0,1.8052606063423356e-20,3
192.168.2.128,0.0,1.0,0.0,0.0012077294685990338,0.0,1.8052606063423356e-20,3
192.168.2.129,0.0,5.0,0.0,0.006038647342995169,0.0,1.8052606063423356e-20,1
192.168.2.130,0.0,1.0,0.0,0.0012077294685990338,0.0,1.8052606063423356e-20,3
192.168.2.131,0.0,1.0,0.0,0.0012077294685990338,0.0,1.8052606063423356e-20,3
192.168.2.132,0.0,1.0,0.0,0.0012077294685990338,0.0,1.8052606063423356e-20,3
192.168.2.133,0.0,1.0,0.0,0.0012077294685990338,0.0,1.8052606063423356e-20,3
192.168.2.134,0.0,1.0,0.0,0.0012077294685990338,0.0,1.8052606063423356e-20,3
192.168.2.135,0.0,1.0,0.0,0.0012077294685990338,0.0,1.8052606063423356e-20,3
192.168.2.136,0.0,2.0,0.0,0.0024154589371980675,0.0,1.8052606063423356e-20,3
192.168.2.137,0.0,1.0,0.0,0.0012077294685990338,0.0,1.8052606063423356e-20,3
192.168.2.138,0.0,1.0,0.0,0.0012077294685990338,0.0,1.8052606063423356e-20,3
192.168.2.139,0.0,2.0,0.0,0.0024154589371980675,0.0,1.8052606063423356e-20,3
192.168.2.140,0.0,1.0,0.0,0.0012077294685990338,0.0,1.8052606063423356e-20,3
192.168.2.141,0.0,1.0,0.0,0.0012077294685990338,0.0,1.8052606063423356e-20,3
192.168.2.142,0.0,1.0,0.0,0.0012077294685990338,0.0,1.8052606063423356e-20,3
192.168.2.143,0.0,1.0,0.0,0.0012077294685990338,0.0,1.8052606063423356e-20,3
192.168.2.144,0.0,1.0,0.0,0.0012077294685990338,0.0,1.8052606063423356e-20,3
192.168.2.145,0.0,1.0,0.0,0.0012077294685990338,0.0,1.8052606063423356e-20,3
192.168.2.146,0.0,9.0,0.0,0.010869565217391304,0.0,1.8052606063423356e-20,1
192.168.2.147,0.0,1.0,0.0,0.0012077294685990338,0.0,1.8052606063423356e-20,3
192.168.2.148,0.0,1.0,0.0,0.0012077294685990338,0.0,1.8052606063423356e-20,3
192.168.2.149,0.0,2.0,0.0,0.0024154589371980675,0.0,1.8052606063423356e-20,3
192.168.2.150,0.0,3.0,0.0,0.003623188405797101,0.0,1.8052606063423356e-20,3
192.168.2.151,0.0,2.0,0.0,0.0024154589371980675,0.0,1.8052606063423356e-20,3
192.168.2.152,0.0,1.0,0.0,0.0012077294685990338,0.0,1.8052606063423356e-20,3
192.168.2.153,0.0,2.0,0.0,0.0024154589371980675,0.0,1.8052606063423356e-20,3
192.168.2.154,0.0,1.0,0.0,0.0012077294685990338,0.0,1.8052606063423356e-20,3
192.168.2.155,0.0,1.0,0.0,0.0012077294685990338,0.0,1.8052606063423356e-20,3
192.168.2.156,0.0,1.0,0.0,0.0012077294685990338,0.0,1.8052606063423356e-20,3
192.168.2.157,0.0,1.0,0.0,0.0012077294685990338,0.0,1.8052606063423356e-20,3
192.168.2.158,0.0,1.0,0.0,0.0012077294685990338,0.0,1.8052606063423356e-20,3
192.168.2.159,0.0,1.0,0.0,0.0012077294685990338,0.0,1.8052606063423356e-20,3
192.168.2.160,0.0,1.0,0.0,0.0012077294685990338,0.0,1.8052606063423356e-20,3
192.168.2.161,0.0,1.0,0.0,0.0012077294685990338,0.0,1.8052606063423356e-20,3
192.168.2.162,0.0,1.0,0.0,0.0012077294685990338,0.0,1.8052606063423356e-20,3
192.168.2.163,0.0,2.0,0.0,0.0024154589371980675,0.0,1.8052606063423356e-20,3
192.168.2.164,0.0,1.0,0.0,0.0012077294685990338,0.0,1.8052606063423356e-20,3
192.168.2.165,0.0,1.0,0.0,0.0012077294685990338,0.0,1.8052606063423356e-20,3
192.168.2.166,0.0,1.0,0.0,0.0012077294685990338,0.0,1.8052606063423356e-20,3
192.168.2.167,0.0,4.0,0.0,0.004830917874396135,0.0,1.8052606063423356e-20,1
192.168.2.168,0.0,5.0,0.0,0.006038647342995169,0.0,1.8052606063423356e-20,1
192.168.2.169,0.0,1.0,0.0,0.0012077294685990338,0.0,1.8052606063423356e-20,3
192.168.2.170,0.0,1.0,0.0,0.0012077294685990338,0.0,1.8052606063423356e-20,3
192.168.2.171,0.0,1.0,0.0,0.0012077294685990338,0.0,1.8052606063423356e-20,3
192.168.2.172,0.0,1.0,0.0,0.0012077294685990338,0.0,1.8052606063423356e-20,3
192.168.2.173,0.0,3.0,0.0,0.003623188405797101,0.0,1.8052606063423356e-20,3
192.168.2.174,0.0,1.0,0.0,0.0012077294685990338,0.0,1.8052606063423356e-20,3
192.168.2.175,0.0,1.0,0.0,0.0012077294685990338,0.0,1.8052606063423356e-20,3
192.168.2.176,0.0,1.0,0.0,0.0012077294685990338,0.0,1.8052606063423356e-20,3
192.168.2.177,0.0,7.0,0.0,0.008454106280193236,0.0,1.8052606063423356e-20,1
192.168.2.178,0.0,1.0,0.0,0.0012077294685990338,0.0,1.8052606063423356e-20,3
192.168.2.179,0.0,2.0,0.0,0.0024154589371980675,0.0,1.8052606063423356e-20,3
192.168.2.180,0.0,1.0,0.0,0.0012077294685990338,0.0,1.8052606063423356e-20,3
192.168.2.181,0.0,1.0,0.0,0.0012077294685990338,0.0,1.8052606063423356e-20,3
192.168.2.182,0.0,11.0,0.0,0.013285024154589372,0.0,1.8052606063423356e-20,0
192.168.2.183,0.0,9.0,0.0,0.010869565217391304,0.0,1.8052606063423356e-20,1
192.168.2.184,0.0,1.0,0.0,0.0012077294685990338,0.0,1.8052606063423356e-20,3
192.168.2.185,0.0,1.0,0.0,0.0012077294685990338,0.0,1.8052606063423356e-20,3
192.168.2.186,0.0,1.0,0.0,0.0012077294685990338,0.0,1.8052606063423356e-20,3
192.168.2.187,0.0,1.0,0.0,0.0012077294685990338,0.0,1.8052606063423356e-20,3
192.168.2.188,0.0,1.0,0.0,0.0012077294685990338,0.0,1.8052606063423356e-20,3
192.168.2.189,0.0,2.0,0.0,0.0024154589371980675,0.0,1.8052606063423356e-20,3
192.168.2.190,0.0,1.0,0.0,0.0012077294685990338,0.0,1.8052606063423356e-20,3
192.168.2.191,0.0,1.0,0.0,0.0012077294685990338,0.0,1.8052606063423356e-20,3
192.168.2.192,0.0,1.0,0.0,0.0012077294685990338,0.0,1.8052606063423356e-20,3
192.168.2.193,0.0,1.0,0.0,0.0012077294685990338,0.0,1.8052606063423356e-20,3
192.168.2.194,0.0,1.0,0.0,0.0012077294685990338,0.0,1.8052606063423356e-20,3
192.168.2.195,0.0,1.0,0.0,0.0012077294685990338,0.0,1.8052606063423356e-20,3
192.168.2.196,0.0,1.0,0.0,0.0012077294685990338,0.0,1.8052606063423356e-20,3
192.168.2.197,0.0,1.0,0.0,0.0012077294685990338,0.0,1.8052606063423356e-20,3
192.168.2.198,0.0,1.0,0.0,0.0012077294685990338,0.0,1.8052606063423356e-20,3
192.168.2.199,0.0,1.0,0.0,0.0012077294685990338,0.0,1.8052606063423356e-20,3
192.168.2.200,0.0,1.0,0.0,0.0012077294685990338,0.0,1.8052606063423356e-20,3
192.168.2.201,0.0,1.0,0.0,0.0012077294685990338,0.0,1.8052606063423356e-20,3
192.168.2.202,0.0,12.0,0.0,0.014492753623188404,0.0,1.8052606063423356e-20,0
192.168.2.203,0.0,1.0,0.0,0.0012077294685990338,0.0,1.8052606063423356e-20,3
192.168.2.204,0.0,1.0,0.0,0.0012077294685990338,0.0,1.8052606063423356e-20,3
192.168.2.205,0.0,1.0,0.0,0.0012077294685990338,0.0,1.8052606063423356e-20,3
192.168.2.206,0.0,3.0,0.0,0.003623188405797101,0.0,1.8052606063423356e-20,3
192.168.2.207,0.0,1.0,0.0,0.0012077294685990338,0.0,1.8052606063423356e-20,3
192.168.2.208,0.0,1.0,0.0,0.0012077294685990338,0.0,1.8052606063423356e-20,3
192.168.2.209,0.0,1.0,0.0,0.0012077294685990338,0.0,1.8052606063423356e-20,3
192.168.2.210,0.0,3.0,0.0,0.003623188405797101,0.0,1.8052606063423356e-20,3
192.168.2.211,0.0,1.0,0.0,0.0012077294685990338,0.0,1.8052606063423356e-20,3
192.168.2.212,0.0,1.0,0.0,0.0012077294685990338,0.0,1.8052606063423356e-20,3
192.168.2.213,0.0,1.0,0.0,0.0012077294685990338,0.0,1.8052606063423356e-20,3
192.168.2.214,0.0,1.0,0.0,0.0012077294685990338,0.0,1.8052606063423356e-20,3
192.168.2.215,0.0,1.0,0.0,0.0012077294685990338,0.0,1.8052606063423356e-20,3
192.168.2.216,0.0,8.0,0.0,0.00966183574879227,0.0,1.8052606063423356e-20,1
192.168.2.217,0.0,1.0,0.0,0.0012077294685990338,0.0,1.8052606063423356e-20,3
192.168.2.218,0.0,2.0,0.0,0.0024154589371980675,0.0,1.8052606063423356e-20,3
192.168.2.219,0.0,1.0,0.0,0.0012077294685990338,0.0,1.8052606063423356e-20,3
192.168.2.220,0.0,1.0,0.0,0.0012077294685990338,0.0,1.8052606063423356e-20,3
192.168.2.221,0.0,1.0,0.0,0.0012077294685990338,0.0,1.8052606063423356e-20,3
192.168.2.222,0.0,1.0,0.0,0.0012077294685990338,0.0,1.8052606063423356e-20,3
192.168.2.223,0.0,6.0,0.0,0.007246376811594202,0.0,1.8052606063423356e-20,1
192.168.2.224,0.0,1.0,0.0,0.0012077294685990338,0.0,1.8052606063423356e-20,3
192.168.2.225,0.0,1.0,0.0,0.0012077294685990338,0.0,1.8052606063423356e-20,3
192.168.2.226,0.0,2.0,0.0,0.0024154589371980675,0.0,1.8052606063423356e-20,3
192.168.2.227,0.0,3.0,0.0,0.003623188405797101,0.0,1.8052606063423356e-20,3
192.168.2.228,0.0,1.0,0.0,0.0012077294685990338,0.0,1.8052606063423356e-20,3
192.168.2.229,0.0,1.0,0.0,0.0012077294685990338,0.0,1.8052606063423356e-20,3
192.168.2.230,0.0,1.0,0.0,0.0012077294685990338,0.0,1.8052606063423356e-20,3
192.168.2.231,0.0,2.0,0.0,0.0024154589371980675,0.0,1.8052606063423356e-20,3
192.168.2.232,0.0,1.0,0.0,0.0012077294685990338,0.0,1.8052606063423356e-20,3
192.168.2.233,0.0,3.0,0.0,0.003623188405797101,0.0,1.8052606063423356e-20,3
192.168.2.234,0.0,1.0,0.0,0.0012077294685990338,0.0,1.8052606063423356e-20,3
192.168.2.235,0.0,1.0,0.0,0.0012077294685990338,0.0,1.8052606063423356e-20,3
192.168.2.236,0.0,1.0,0.0,0.0012077294685990338,0.0,1.8052606063423356e-20,3
192.168.2.237,0.0,1.0,0.0,0.0012077294685990338,0.0,1.8052606063423356e-20,3
192.168.2.238,0.0,1.0,0.0,0.0012077294685990338,0.0,1.8052606063423356e-20,3
192.168.2.239,0.0,1.0,0.0,0.0012077294685990338,0.0,1.8052606063423356e-20,3
192.168.2.240,0.0,1.0,0.0,0.0012077294685990338,0.0,1.8052606063423356e-20,3
192.168.2.241,0.0,1.0,0.0,0.0012077294685990338,0.0,1.8052606063423356e-20,3
192.168.2.242,0.0,1.0,0.0,0.0012077294685990338,0.0,1.8052606063423356e-20,3
192.168.2.243,0.0,1.0,0.0,0.0012077294685990338,0.0,1.8052606063423356e-20,3
192.168.2.244,0.0,1.0,0.0,0.0012077294685990338,0.0,1.8052606063423356e-20,3
192.168.2.245,0.0,2.0,0.0,0.0024154589371980675,0.0,1.8052606063423356e-20,3
192.168.2.246,0.0,1.0,0.0,0.0012077294685990338,0.0,1.8052606063423356e-20,3
192.168.2.247,0.0,1.0,0.0,0.0012077294685990338,0.0,1.8052606063423356e-20,3
192.168.2.248,0.0,1.0,0.0,0.0012077294685990338,0.0,1.8052606063423356e-20,3
192.168.2.249,0.0,1.0,0.0,0.0012077294685990338,0.0,1.8052606063423356e-20,3
192.168.2.250,0.0,4.0,0.0,0.004830917874396135,0.0,1.8052606063423356e-20,1
192.168.2.251,0.0,3.0,0.0,0.003623188405797101,0.0,1.8052606063423356e-20,3
192.168.2.252,0.0,1.0,0.0,0.0012077294685990338,0.0,1.8052606063423356e-20,3
192.168.2.253,0.0,1.0,0.0,0.0012077294685990338,0.0,1.8052606063423356e-20,3
192.168.2.254,0.0,6.0,0.0,0.007246376811594202,0.0,1.8052606063423356e-20,1
192.168.2.255,0.0,1.0,0.0,0.0012077294685990338,0.0,1.8052606063423356e-20,3
192.168.3.0,0.0,1.0,0.0,0.0012077294685990338,0.0,1.8052606063423356e-20,3
192.168.3.1,0.0,1.0,0.0,0.0012077294685990338,0.0,1.8052606063423356e-20,3
192.168.3.2,0.0,1.0,0.0,0.0012077294685990338,0.0,1.8052606063423356e-20,3
192.168.3.3,0.0,1.0,0.0,0.0012077294685990338,0.0,1.8052606063423356e-20,3
192.168.3.4,0.0,1.0,0.0,0.0012077294685990338,0.0,1.8052606063423356e-20,3
192.168.3.5,0.0,2.0,0.0,0.0024154589371980675,0.0,1.8052606063423356e-20,3
192.168.3.6,0.0,2.0,0.0,0.0024154589371980675,0.0,1.8052606063423356e-20,3
192.168.3.7,0.0,2.0,0.0,0.0024154589371980675,0.0,1.8052606063423356e-20,3
192.168.3.8,0.0,1.0,0.0,0.0012077294685990338,0.0,1.8052606063423356e-20,3
192.168.3.9,0.0,2.0,0.0,0.0024154589371980675,0.0,1.8052606063423356e-20,3
192.168.3.10,0.0,2.0,0.0,0.0024154589371980675,0.0,1.8052606063423356e-20,3
192.168.3.11,0.0,1.0,0.0,0.0012077294685990338,0.0,1.8052606063423356e-20,3
192.168.3.12,0.0,1.0,0.0,0.0012077294685990338,0.0,1.8052606063423356e-20,3
192.168.3.13,0.0,1.0,0.0,0.0012077294685990338,0.0,1.8052606063423356e-20,3
192.168.3.14,0.0,2.0,0.0,0.0024154589371980675,0.0,1.8052606063423356e-20,3
192.168.3.15,0.0,1.0,0.0,0.0012077294685990338,0.0,1.8052606063423356e-20,3
192.168.3.16,0.0,1.0,0.0,0.0012077294685990338,0.0,1.8052606063423356e-20,3
192.168.3.17,0.0,1.0,0.0,0.0012077294685990338,0.0,1.8052606063423356e-20,3
192.168.3.18,0.0,1.0,0.0,0.0012077294685990338,0.0,1.8052606063423356e-20,3
192.168.3.19,0.0,5.0,0.0,0.006038647342995169,0.0,1.8052606063423356e-20,1
192.168.3.20,0.0,1.0,0.0,0.0012077294685990338,0.0,1.8052606063423356e-20,3
192.168.3.21,0.0,1.0,0.0,0.0012077294685990338,0.0,1.8052606063423356e-20,3
192.168.3.22,0.0,1.0,0.0,0.0012077294685990338,0.0,1.8052606063423356e-20,3
192.168.3.23,0.0,1.0,0.0,0.0012077294685990338,0.0,1.8052606063423356e-20,3
192.168.3.24,0.0,2.0,0.0,0.0024154589371980675,0.0,1.8052606063423356e-20,3
192.168.3.25,0.0,1.0,0.0,0.0012077294685990338,0.0,1.8052606063423356e-20,3
192.168.3.26,0.0,1.0,0.0,0.0012077294685990338,0.0,1.8052606063423356e-20,3
192.168.3.27,0.0,1.0,0.0,0.0012077294685990338,0.0,1.8052606063423356e-20,3
192.168.3.28,0.0,7.0,0.0,0.008454106280193236,0.0,1.8052606063423356e-20,1
192.168.3.29,0.0,1.0,0.0,0.0012077294685990338,0.0,1.8052606063423356e-20,3
192.168.3.30,0.0,1.0,0.0,0.0012077294685990338,0.0,1.8052606063423356e-20,3
192.168.3.31,0.0,1.0,0.0,0.0012077294685990338,0.0,1.8052606063423356e-20,3
192.168.3.32,0.0,1.0,0.0,0.0012077294685990338,0.0,1.8052606063423356e-20,3
192.168.3.33,0.0,1.0,0.0,0.0012077294685990338,0.0,1.8052606063423356e-20,3
192.168.3.34,0.0,1.0,0.0,0.0012077294685990338,0.0,1.8052606063423356e-20,3
192.168.3.35,0.0,1.0,0.0,0.0012077294685990338,0.0,1.8052606063423356e-20,3
192.168.3.36,0.0,1.0,0.0,0.0012077294685990338,0.0,1.8052606063423356e-20,3
192.168.3.37,0.0,1.0,0.0,0.0012077294685990338,0.0,1.8052606063423356e-20,3
192.168.3.38,0.0,1.0,0.0,0.0012077294685990338,0.0,1.8052606063423356e-20,3
192.168.3.39,0.0,1.0,0.0,0.0012077294685990338,0.0,1.8052606063423356e-20,3
192.168.3.40,0.0,3.0,0.0,0.003623188405797101,0.0,1.8052606063423356e-20,3
192.168.3.41,0.0,1.0,0.0,0.0012077294685990338,0.0,1.8052606063423356e-20,3
192.168.3.42,0.0,5.0,0.0,0.006038647342995169,0.0,1.8052606063423356e-20,1
192.168.3.43,0.0,4.0,0.0,0.004830917874396135,0.0,1.8052606063423356e-20,1
192.168.3.44,0.0,1.0,0.0,0.0012077294685990338,0.0,1.8052606063423356e-20,3
192.168.3.45,0.0,1.0,0.0,0.0012077294685990338,0.0,1.8052606063423356e-20,3
192.168.3.46,0.0,25.0,0.0,0.030193236714975844,0.0,1.8052606063423356e-20,0
192.168.3.47,0.0,1.0,0.0,0.0012077294685990338,0.0,1.8052606063423356e-20,3
192.168.3.48,0.0,1.0,0.0,0.0012077294685990338,0.0,1.8052606063423356e-20,3
192.168.3.49,0.0,3.0,0.0,0.003623188405797101,0.0,1.8052606063423356e-20,3
192.168.3.50,0.0,1.0,0.0,0.0012077294685990338,0.0,1.8052606063423356e-20,3
192.168.3.51,0.0,1.0,0.0,0.0012077294685990338,0.0,1.8052606063423356e-20,3
192.168.3.52,0.0,2.0,0.0,0.0024154589371980675,0.0,1.8052606063423356e-20,3
192.168.3.53,0.0,1.0,0.0,0.0012077294685990338,0.0,1.8052606063423356e-20,3
192.168.3.54,0.0,1.0,0.0,0.0012077294685990338,0.0,1.8052606063423356e-20,3
192.168.3.55,0.0,1.0,0.0,0.0012077294685990338,0.0,1.8052606063423356e-20,3
192.168.3.56,0.0,1.0,0.0,0.0012077294685990338,0.0,1.8052606063423356e-20,3
192.168.3.57,0.0,1.0,0.0,0.0012077294685990338,0.0,1.8052606063423356e-20,3
192.168.3.58,0.0,1.0,0.0,0.0012077294685990338,0.0,1.8052606063423356e-20,3
192.168.3.59,0.0,1.0,0.0,0.0012077294685990338,0.0,1.8052606063423356e-20,3
192.168.3.60,0.0,1.0,0.0,0.0012077294685990338,0.0,1.8052606063423356e-20,3
